transaccion_id,cliente_id,producto_id,fecha,cantidad,precio_unitario,subtotal,descuento_pct,descuento_monto,costo_envio,total,metodo_pago,estado_envio
T000001,C00001,P0177,2025-11-04,1,26110.99,26110.99,10,2611.1,2404.05,25903.94,Transferencia bancaria,Entregado
T000002,C00001,P0144,2025-04-17,1,136210.99,136210.99,10,13621.1,0.0,122589.89,Tarjeta de débito,Entregado
T000003,C00001,P0086,2024-05-08,1,17970.99,17970.99,0,0.0,2672.98,20643.97,Efectivo (contra entrega),En camino
T000004,C00001,P0064,2026-07-23,1,71270.99,71270.99,5,3563.55,0.0,67707.44,Mercado Pago,Entregado
T000005,C00001,P0147,2026-05-05,3,92490.99,277472.97,0,0.0,0.0,277472.97,Tarjeta de débito,Preparando
T000006,C00001,P0184,2024-09-12,1,11240.99,11240.99,0,0.0,3289.96,14530.95,Tarjeta de crédito,Entregado
T000007,C00002,P0037,2025-10-01,1,4430.99,4430.99,5,221.55,3677.81,7887.25,Efectivo (contra entrega),Entregado
T000008,C00002,P0005,2023-01-13,1,15670.99,15670.99,0,0.0,3350.65,19021.64,Tarjeta de crédito,Entregado
T000009,C00002,P0163,2024-04-10,1,64460.99,64460.99,10,6446.1,0.0,58014.89,Efectivo (contra entrega),En camino
T000010,C00002,P0013,2024-09-17,1,33690.99,33690.99,0,0.0,0.0,33690.99,Tarjeta de crédito,Entregado
T000011,C00003,P0039,2023-01-02,1,44450.99,44450.99,5,2222.55,0.0,42228.44,Mercado Pago,Entregado
T000012,C00004,P0090,2026-02-27,1,83690.99,83690.99,5,4184.55,0.0,79506.44,Efectivo (contra entrega),Entregado
T000013,C00004,P0103,2024-09-16,1,23150.99,23150.99,0,0.0,2957.58,26108.57,Mercado Pago,Entregado
T000014,C00004,P0108,2023-03-01,1,106640.99,106640.99,0,0.0,0.0,106640.99,Mercado Pago,Entregado
T000015,C00004,P0089,2023-01-23,3,70110.99,210332.97,0,0.0,0.0,210332.97,Tarjeta de débito,Entregado
T000016,C00005,P0143,2026-02-17,1,78310.99,78310.99,0,0.0,0.0,78310.99,Mercado Pago,Entregado
T000017,C00005,P0046,2025-07-17,2,18770.99,37541.98,0,0.0,0.0,37541.98,Mercado Pago,Entregado
T000018,C00005,P0180,2025-06-12,1,10110.99,10110.99,0,0.0,3436.65,13547.64,Mercado Pago,Entregado
T000019,C00005,P0003,2025-11-11,2,95520.99,191041.98,0,0.0,0.0,191041.98,Mercado Pago,Entregado
T000020,C00005,P0007,2026-03-31,2,16940.99,33881.98,5,1694.1,0.0,32187.88,Tarjeta de crédito,Entregado
T000021,C00005,P0077,2026-04-11,2,80070.99,160141.98,5,8007.1,0.0,152134.88,Efectivo (contra entrega),En camino
T000022,C00005,P0079,2025-04-02,1,9850.99,9850.99,0,0.0,4218.91,14069.9,Efectivo (contra entrega),Entregado
T000023,C00005,P0164,2026-04-27,2,32940.99,65881.98,0,0.0,0.0,65881.98,Tarjeta de débito,Entregado
T000024,C00005,P0174,2025-08-10,1,50040.99,50040.99,0,0.0,0.0,50040.99,Mercado Pago,Entregado
T000025,C00005,P0059,2025-11-04,1,66790.99,66790.99,0,0.0,0.0,66790.99,Mercado Pago,Entregado
T000026,C00005,P0038,2025-08-19,1,69100.99,69100.99,5,3455.05,0.0,65645.94,Efectivo (contra entrega),En camino
T000027,C00005,P0173,2025-12-05,1,7980.99,7980.99,10,798.1,1921.11,9104.0,Efectivo (contra entrega),Entregado
T000028,C00006,P0084,2026-02-24,1,106390.99,106390.99,20,21278.2,0.0,85112.79,Transferencia bancaria,Entregado
T000029,C00006,P0186,2025-08-01,3,100370.99,301112.97,0,0.0,0.0,301112.97,Tarjeta de débito,Entregado
T000030,C00006,P0144,2025-11-13,1,136210.99,136210.99,0,0.0,0.0,136210.99,Tarjeta de débito,Entregado
T000031,C00006,P0153,2026-05-18,1,80540.99,80540.99,10,8054.1,0.0,72486.89,Transferencia bancaria,Entregado
T000032,C00006,P0030,2025-08-25,2,42840.99,85681.98,0,0.0,0.0,85681.98,Tarjeta de crédito,Entregado
T000033,C00006,P0160,2025-09-10,2,143890.99,287781.98,0,0.0,0.0,287781.98,Mercado Pago,En camino
T000034,C00007,P0016,2025-11-29,1,82230.99,82230.99,0,0.0,0.0,82230.99,Mercado Pago,Entregado
T000035,C00007,P0160,2026-02-15,1,143890.99,143890.99,15,21583.65,0.0,122307.34,Mercado Pago,Entregado
T000036,C00008,P0104,2026-02-16,4,56920.99,227683.96,0,0.0,0.0,227683.96,Mercado Pago,Entregado
T000037,C00008,P0113,2026-01-19,1,45170.99,45170.99,0,0.0,0.0,45170.99,Efectivo (contra entrega),Entregado
T000038,C00008,P0183,2024-10-01,2,28350.99,56701.98,0,0.0,0.0,56701.98,Efectivo (contra entrega),Entregado
T000039,C00008,P0128,2023-12-23,1,68490.99,68490.99,0,0.0,0.0,68490.99,Mercado Pago,Entregado
T000040,C00008,P0008,2024-11-17,1,44030.99,44030.99,10,4403.1,0.0,39627.89,Transferencia bancaria,Entregado
T000041,C00009,P0157,2025-06-23,1,2850.99,2850.99,0,0.0,3525.69,6376.68,Efectivo (contra entrega),Entregado
T000042,C00009,P0070,2023-12-03,1,59790.99,59790.99,10,5979.1,0.0,53811.89,Tarjeta de crédito,Entregado
T000043,C00009,P0151,2024-10-01,1,43590.99,43590.99,0,0.0,0.0,43590.99,Efectivo (contra entrega),Entregado
T000044,C00009,P0012,2024-02-25,1,113560.99,113560.99,0,0.0,0.0,113560.99,Mercado Pago,Entregado
T000045,C00009,P0157,2026-08-07,3,2850.99,8552.97,0,0.0,2716.37,11269.34,Tarjeta de crédito,Cancelado
T000046,C00009,P0185,2024-08-01,2,120880.99,241761.98,5,12088.1,0.0,229673.88,Tarjeta de crédito,En camino
T000047,C00009,P0161,2023-07-21,1,92880.99,92880.99,5,4644.05,0.0,88236.94,Transferencia bancaria,Entregado
T000048,C00009,P0064,2025-04-13,1,71270.99,71270.99,10,7127.1,0.0,64143.89,Efectivo (contra entrega),Entregado
T000049,C00010,P0133,2025-09-13,2,23360.99,46721.98,5,2336.1,0.0,44385.88,Tarjeta de débito,Entregado
T000050,C00010,P0003,2024-11-26,2,95520.99,191041.98,0,0.0,0.0,191041.98,Efectivo (contra entrega),Entregado
T000051,C00010,P0081,2024-03-24,1,108380.99,108380.99,0,0.0,0.0,108380.99,Tarjeta de crédito,Entregado
T000052,C00010,P0025,2023-11-17,1,22880.99,22880.99,10,2288.1,3013.08,23605.97,Tarjeta de débito,Entregado
T000053,C00010,P0060,2026-05-18,1,64800.99,64800.99,0,0.0,0.0,64800.99,Efectivo (contra entrega),Preparando
T000054,C00010,P0117,2024-09-29,1,122170.99,122170.99,10,12217.1,0.0,109953.89,Tarjeta de crédito,Entregado
T000055,C00010,P0156,2023-12-07,1,23880.99,23880.99,5,1194.05,4205.95,26892.89,Tarjeta de crédito,Entregado
T000056,C00010,P0144,2024-06-07,2,136210.99,272421.98,10,27242.2,0.0,245179.78,Efectivo (contra entrega),Entregado
T000057,C00011,P0147,2026-04-12,1,92490.99,92490.99,0,0.0,0.0,92490.99,Tarjeta de débito,Entregado
T000058,C00011,P0039,2026-03-15,3,44450.99,133352.97,0,0.0,0.0,133352.97,Mercado Pago,Entregado
T000059,C00011,P0014,2026-07-15,1,68510.99,68510.99,5,3425.55,0.0,65085.44,Efectivo (contra entrega),Entregado
T000060,C00011,P0165,2026-08-09,1,8750.99,8750.99,0,0.0,2931.42,11682.41,Tarjeta de crédito,Entregado
T000061,C00011,P0136,2026-07-03,1,47130.99,47130.99,15,7069.65,0.0,40061.34,Tarjeta de débito,Entregado
T000062,C00013,P0162,2024-12-27,1,60870.99,60870.99,0,0.0,0.0,60870.99,Tarjeta de débito,Entregado
T000063,C00013,P0177,2026-06-10,1,26110.99,26110.99,0,0.0,2586.81,28697.8,Efectivo (contra entrega),Entregado
T000064,C00013,P0166,2025-05-01,1,11070.99,11070.99,10,1107.1,2770.68,12734.57,Mercado Pago,Entregado
T000065,C00013,P0011,2025-04-18,4,26210.99,104843.96,0,0.0,0.0,104843.96,Efectivo (contra entrega),Entregado
T000066,C00013,P0154,2025-10-21,2,30800.99,61601.98,0,0.0,0.0,61601.98,Efectivo (contra entrega),Entregado
T000067,C00013,P0123,2026-07-05,1,57150.99,57150.99,20,11430.2,0.0,45720.79,Transferencia bancaria,Entregado
T000068,C00014,P0078,2025-12-29,1,82230.99,82230.99,10,8223.1,0.0,74007.89,Tarjeta de débito,Entregado
T000069,C00014,P0010,2025-12-02,1,99010.99,99010.99,5,4950.55,0.0,94060.44,Tarjeta de débito,Entregado
T000070,C00014,P0068,2026-04-03,1,120640.99,120640.99,10,12064.1,0.0,108576.89,Efectivo (contra entrega),En camino
T000071,C00014,P0133,2026-05-12,1,23360.99,23360.99,5,1168.05,1982.21,24175.15,Tarjeta de crédito,Cancelado
T000072,C00014,P0099,2026-06-22,2,10460.99,20921.98,10,2092.2,2915.01,21744.79,Tarjeta de crédito,Entregado
T000073,C00014,P0079,2025-11-11,1,9850.99,9850.99,0,0.0,1740.12,11591.11,Transferencia bancaria,Entregado
T000074,C00014,P0015,2026-06-10,3,48920.99,146762.97,0,0.0,0.0,146762.97,Mercado Pago,Entregado
T000075,C00015,P0145,2025-01-18,3,60290.99,180872.97,0,0.0,0.0,180872.97,Tarjeta de débito,Entregado
T000076,C00015,P0052,2025-11-12,1,93290.99,93290.99,0,0.0,0.0,93290.99,Efectivo (contra entrega),Entregado
T000077,C00015,P0044,2024-04-03,1,73620.99,73620.99,0,0.0,0.0,73620.99,Efectivo (contra entrega),Entregado
T000078,C00015,P0124,2023-05-26,1,55570.99,55570.99,5,2778.55,0.0,52792.44,Mercado Pago,Entregado
T000079,C00015,P0052,2023-01-12,1,93290.99,93290.99,0,0.0,0.0,93290.99,Mercado Pago,Entregado
T000080,C00015,P0112,2026-05-09,2,52410.99,104821.98,0,0.0,0.0,104821.98,Efectivo (contra entrega),Entregado
T000081,C00015,P0043,2023-07-14,1,35310.99,35310.99,0,0.0,0.0,35310.99,Tarjeta de crédito,Entregado
T000082,C00016,P0086,2026-05-02,1,17970.99,17970.99,10,1797.1,4245.03,20418.92,Mercado Pago,Entregado
T000083,C00016,P0013,2026-03-12,1,33690.99,33690.99,20,6738.2,0.0,26952.79,Transferencia bancaria,Entregado
T000084,C00016,P0012,2025-12-26,1,113560.99,113560.99,0,0.0,0.0,113560.99,Tarjeta de crédito,Entregado
T000085,C00016,P0097,2026-03-23,1,118090.99,118090.99,0,0.0,0.0,118090.99,Tarjeta de crédito,Entregado
T000086,C00016,P0065,2025-11-15,2,36490.99,72981.98,20,14596.4,0.0,58385.58,Efectivo (contra entrega),Preparando
T000087,C00016,P0173,2026-02-28,1,7980.99,7980.99,0,0.0,2631.24,10612.23,Tarjeta de débito,Entregado
T000088,C00016,P0089,2025-10-14,2,70110.99,140221.98,20,28044.4,0.0,112177.58,Transferencia bancaria,Entregado
T000089,C00016,P0077,2025-12-28,2,80070.99,160141.98,10,16014.2,0.0,144127.78,Mercado Pago,Entregado
T000090,C00016,P0022,2026-02-18,1,86110.99,86110.99,5,4305.55,0.0,81805.44,Tarjeta de débito,Cancelado
T000091,C00016,P0097,2025-12-03,2,118090.99,236181.98,0,0.0,0.0,236181.98,Efectivo (contra entrega),Entregado
T000092,C00016,P0047,2026-06-18,1,14020.99,14020.99,10,1402.1,2244.77,14863.66,Mercado Pago,Entregado
T000093,C00016,P0014,2025-11-02,1,68510.99,68510.99,15,10276.65,0.0,58234.34,Mercado Pago,Entregado
T000094,C00016,P0014,2026-03-01,1,68510.99,68510.99,0,0.0,0.0,68510.99,Tarjeta de débito,Entregado
T000095,C00016,P0059,2025-09-25,1,66790.99,66790.99,0,0.0,0.0,66790.99,Mercado Pago,Entregado
T000096,C00020,P0112,2025-04-13,1,52410.99,52410.99,0,0.0,0.0,52410.99,Tarjeta de crédito,Entregado
T000097,C00020,P0141,2026-04-11,1,10330.99,10330.99,5,516.55,3341.48,13155.92,Efectivo (contra entrega),Entregado
T000098,C00020,P0080,2024-08-29,3,16720.99,50162.97,10,5016.3,0.0,45146.67,Mercado Pago,Entregado
T000099,C00020,P0144,2024-11-03,1,136210.99,136210.99,20,27242.2,0.0,108968.79,Mercado Pago,Preparando
T000100,C00020,P0010,2026-05-14,1,99010.99,99010.99,20,19802.2,0.0,79208.79,Mercado Pago,Preparando
T000101,C00020,P0118,2026-03-05,1,39730.99,39730.99,10,3973.1,0.0,35757.89,Efectivo (contra entrega),Entregado
T000102,C00020,P0142,2025-08-04,2,80160.99,160321.98,0,0.0,0.0,160321.98,Efectivo (contra entrega),Entregado
T000103,C00020,P0089,2026-07-13,1,70110.99,70110.99,10,7011.1,0.0,63099.89,Transferencia bancaria,Entregado
T000104,C00021,P0082,2025-01-10,1,70870.99,70870.99,0,0.0,0.0,70870.99,Tarjeta de crédito,Entregado
T000105,C00021,P0080,2026-06-13,1,16720.99,16720.99,0,0.0,1802.24,18523.23,Mercado Pago,Entregado
T000106,C00023,P0146,2025-08-07,1,77950.99,77950.99,0,0.0,0.0,77950.99,Mercado Pago,Cancelado
T000107,C00023,P0030,2023-07-31,1,42840.99,42840.99,0,0.0,0.0,42840.99,Mercado Pago,Entregado
T000108,C00023,P0076,2025-09-02,1,80370.99,80370.99,0,0.0,0.0,80370.99,Efectivo (contra entrega),Entregado
T000109,C00023,P0105,2024-08-09,1,8040.99,8040.99,0,0.0,2185.7,10226.69,Mercado Pago,Entregado
T000110,C00023,P0137,2026-04-30,2,37150.99,74301.98,0,0.0,0.0,74301.98,Tarjeta de débito,En camino
T000111,C00023,P0140,2024-02-08,1,116180.99,116180.99,20,23236.2,0.0,92944.79,Tarjeta de crédito,Entregado
T000112,C00025,P0163,2023-10-16,1,64460.99,64460.99,15,9669.15,0.0,54791.84,Efectivo (contra entrega),Entregado
T000113,C00026,P0046,2026-06-08,1,18770.99,18770.99,0,0.0,2252.92,21023.91,Tarjeta de crédito,En camino
T000114,C00026,P0041,2024-08-02,1,34130.99,34130.99,5,1706.55,0.0,32424.44,Mercado Pago,Entregado
T000115,C00026,P0046,2025-09-30,1,18770.99,18770.99,5,938.55,2849.56,20682.0,Mercado Pago,Entregado
T000116,C00026,P0075,2024-12-16,1,51680.99,51680.99,0,0.0,0.0,51680.99,Mercado Pago,En camino
T000117,C00026,P0037,2024-12-28,1,4430.99,4430.99,0,0.0,4102.11,8533.1,Tarjeta de débito,Cancelado
T000118,C00026,P0068,2026-05-11,1,120640.99,120640.99,5,6032.05,0.0,114608.94,Mercado Pago,Entregado
T000119,C00026,P0174,2026-04-30,1,50040.99,50040.99,5,2502.05,0.0,47538.94,Transferencia bancaria,Entregado
T000120,C00027,P0087,2026-07-08,1,92990.99,92990.99,0,0.0,0.0,92990.99,Tarjeta de débito,Entregado
T000121,C00027,P0180,2026-02-12,2,10110.99,20221.98,5,1011.1,4285.7,23496.58,Efectivo (contra entrega),Entregado
T000122,C00027,P0030,2025-08-04,1,42840.99,42840.99,10,4284.1,0.0,38556.89,Tarjeta de débito,Entregado
T000123,C00027,P0078,2025-12-01,1,82230.99,82230.99,0,0.0,0.0,82230.99,Mercado Pago,Entregado
T000124,C00027,P0092,2026-06-18,1,67840.99,67840.99,0,0.0,0.0,67840.99,Mercado Pago,Preparando
T000125,C00027,P0030,2026-05-17,2,42840.99,85681.98,0,0.0,0.0,85681.98,Tarjeta de débito,Entregado
T000126,C00027,P0073,2025-07-20,1,118250.99,118250.99,0,0.0,0.0,118250.99,Mercado Pago,Entregado
T000127,C00028,P0051,2025-12-29,1,22610.99,22610.99,0,0.0,1786.66,24397.65,Transferencia bancaria,Cancelado
T000128,C00028,P0037,2024-08-10,1,4430.99,4430.99,0,0.0,2691.04,7122.03,Tarjeta de crédito,Entregado
T000129,C00028,P0139,2025-01-20,1,76500.99,76500.99,5,3825.05,0.0,72675.94,Transferencia bancaria,Entregado
T000130,C00028,P0184,2024-06-22,1,11240.99,11240.99,0,0.0,2352.53,13593.52,Tarjeta de débito,Entregado
T000131,C00028,P0080,2024-10-03,1,16720.99,16720.99,0,0.0,1605.46,18326.45,Mercado Pago,Entregado
T000132,C00028,P0183,2024-09-25,2,28350.99,56701.98,0,0.0,0.0,56701.98,Mercado Pago,Preparando
T000133,C00028,P0072,2026-06-03,1,60590.99,60590.99,0,0.0,0.0,60590.99,Efectivo (contra entrega),Cancelado
T000134,C00029,P0156,2026-02-05,1,23880.99,23880.99,0,0.0,3746.73,27627.72,Transferencia bancaria,Preparando
T000135,C00029,P0105,2025-10-31,1,8040.99,8040.99,5,402.05,2428.98,10067.92,Efectivo (contra entrega),Entregado
T000136,C00029,P0027,2026-05-29,1,66770.99,66770.99,0,0.0,0.0,66770.99,Transferencia bancaria,Entregado
T000137,C00029,P0167,2026-06-16,1,116770.99,116770.99,0,0.0,0.0,116770.99,Tarjeta de débito,Entregado
T000138,C00029,P0029,2025-09-30,1,42890.99,42890.99,0,0.0,0.0,42890.99,Transferencia bancaria,Entregado
T000139,C00029,P0091,2026-02-28,3,27590.99,82772.97,0,0.0,0.0,82772.97,Transferencia bancaria,Entregado
T000140,C00029,P0030,2026-04-28,2,42840.99,85681.98,0,0.0,0.0,85681.98,Efectivo (contra entrega),En camino
T000141,C00029,P0035,2026-02-20,1,7230.99,7230.99,0,0.0,3181.66,10412.65,Tarjeta de débito,Entregado
T000142,C00030,P0183,2026-06-14,2,28350.99,56701.98,0,0.0,0.0,56701.98,Tarjeta de débito,Entregado
T000143,C00030,P0147,2026-04-12,1,92490.99,92490.99,10,9249.1,0.0,83241.89,Mercado Pago,Entregado
T000144,C00030,P0077,2026-04-11,1,80070.99,80070.99,5,4003.55,0.0,76067.44,Transferencia bancaria,En camino
T000145,C00030,P0003,2026-05-03,1,95520.99,95520.99,0,0.0,0.0,95520.99,Tarjeta de crédito,Entregado
T000146,C00030,P0105,2026-08-06,1,8040.99,8040.99,5,402.05,2316.4,9955.34,Tarjeta de débito,Entregado
T000147,C00030,P0046,2026-05-02,1,18770.99,18770.99,0,0.0,4409.15,23180.14,Tarjeta de crédito,Entregado
T000148,C00030,P0028,2026-07-28,1,49350.99,49350.99,0,0.0,0.0,49350.99,Tarjeta de crédito,Entregado
T000149,C00030,P0164,2026-02-07,1,32940.99,32940.99,0,0.0,0.0,32940.99,Mercado Pago,Entregado
T000150,C00030,P0010,2026-06-29,1,99010.99,99010.99,10,9901.1,0.0,89109.89,Mercado Pago,Entregado
T000151,C00030,P0013,2026-02-19,1,33690.99,33690.99,10,3369.1,0.0,30321.89,Tarjeta de débito,Entregado
T000152,C00030,P0126,2026-03-01,1,29260.99,29260.99,10,2926.1,1714.15,28049.04,Tarjeta de débito,Entregado
T000153,C00030,P0086,2026-07-27,2,17970.99,35941.98,0,0.0,0.0,35941.98,Tarjeta de crédito,Entregado
T000154,C00032,P0088,2026-07-01,1,32190.99,32190.99,20,6438.2,0.0,25752.79,Tarjeta de crédito,Entregado
T000155,C00032,P0179,2026-05-19,1,39260.99,39260.99,5,1963.05,0.0,37297.94,Tarjeta de débito,Entregado
T000156,C00032,P0038,2026-04-07,1,69100.99,69100.99,5,3455.05,0.0,65645.94,Mercado Pago,Entregado
T000157,C00032,P0002,2026-05-28,1,34510.99,34510.99,5,1725.55,0.0,32785.44,Efectivo (contra entrega),Entregado
T000158,C00032,P0125,2026-07-24,1,138210.99,138210.99,0,0.0,0.0,138210.99,Tarjeta de débito,Entregado
T000159,C00032,P0071,2026-07-19,1,14390.99,14390.99,0,0.0,3500.08,17891.07,Tarjeta de débito,Cancelado
T000160,C00032,P0064,2026-01-31,1,71270.99,71270.99,0,0.0,0.0,71270.99,Mercado Pago,Entregado
T000161,C00032,P0178,2026-07-13,1,82810.99,82810.99,0,0.0,0.0,82810.99,Tarjeta de crédito,Entregado
T000162,C00032,P0132,2026-02-15,1,34240.99,34240.99,5,1712.05,0.0,32528.94,Tarjeta de débito,Entregado
T000163,C00033,P0131,2025-12-01,2,17990.99,35981.98,0,0.0,0.0,35981.98,Efectivo (contra entrega),Entregado
T000164,C00033,P0013,2025-06-23,1,33690.99,33690.99,20,6738.2,0.0,26952.79,Tarjeta de crédito,Entregado
T000165,C00033,P0174,2026-02-11,1,50040.99,50040.99,5,2502.05,0.0,47538.94,Tarjeta de crédito,Entregado
T000166,C00033,P0182,2025-08-05,1,118780.99,118780.99,0,0.0,0.0,118780.99,Mercado Pago,Cancelado
T000167,C00034,P0179,2026-01-13,2,39260.99,78521.98,5,3926.1,0.0,74595.88,Transferencia bancaria,Entregado
T000168,C00034,P0179,2023-04-22,1,39260.99,39260.99,0,0.0,0.0,39260.99,Transferencia bancaria,Preparando
T000169,C00034,P0084,2023-12-23,2,106390.99,212781.98,0,0.0,0.0,212781.98,Transferencia bancaria,Entregado
T000170,C00034,P0104,2026-07-26,1,56920.99,56920.99,0,0.0,0.0,56920.99,Transferencia bancaria,Entregado
T000171,C00034,P0096,2023-05-22,1,32440.99,32440.99,10,3244.1,0.0,29196.89,Efectivo (contra entrega),Preparando
T000172,C00034,P0161,2025-02-24,1,92880.99,92880.99,0,0.0,0.0,92880.99,Mercado Pago,Entregado
T000173,C00034,P0063,2025-12-21,1,64680.99,64680.99,0,0.0,0.0,64680.99,Efectivo (contra entrega),Entregado
T000174,C00034,P0079,2025-01-16,1,9850.99,9850.99,0,0.0,1556.16,11407.15,Efectivo (contra entrega),En camino
T000175,C00036,P0131,2025-07-01,2,17990.99,35981.98,5,1799.1,0.0,34182.88,Transferencia bancaria,Entregado
T000176,C00036,P0009,2026-02-15,1,76570.99,76570.99,5,3828.55,0.0,72742.44,Tarjeta de débito,Entregado
T000177,C00036,P0172,2023-06-10,1,24980.99,24980.99,0,0.0,3422.71,28403.7,Efectivo (contra entrega),Entregado
T000178,C00036,P0141,2025-02-11,1,10330.99,10330.99,0,0.0,4313.4,14644.39,Tarjeta de crédito,Entregado
T000179,C00036,P0070,2024-11-05,1,59790.99,59790.99,0,0.0,0.0,59790.99,Efectivo (contra entrega),Entregado
T000180,C00036,P0160,2025-08-05,1,143890.99,143890.99,0,0.0,0.0,143890.99,Efectivo (contra entrega),Entregado
T000181,C00036,P0139,2025-07-15,2,76500.99,153001.98,0,0.0,0.0,153001.98,Efectivo (contra entrega),Entregado
T000182,C00036,P0085,2024-11-12,2,69850.99,139701.98,0,0.0,0.0,139701.98,Transferencia bancaria,Cancelado
T000183,C00036,P0058,2025-01-12,3,10690.99,32072.97,10,3207.3,0.0,28865.67,Tarjeta de crédito,Entregado
T000184,C00036,P0110,2026-07-01,1,148390.99,148390.99,5,7419.55,0.0,140971.44,Mercado Pago,Preparando
T000185,C00036,P0166,2023-06-30,2,11070.99,22141.98,0,0.0,3350.8,25492.78,Tarjeta de crédito,Entregado
T000186,C00037,P0153,2026-07-18,1,80540.99,80540.99,0,0.0,0.0,80540.99,Tarjeta de crédito,Entregado
T000187,C00038,P0179,2025-05-08,1,39260.99,39260.99,0,0.0,0.0,39260.99,Tarjeta de débito,Entregado
T000188,C00038,P0079,2023-08-24,1,9850.99,9850.99,15,1477.65,3175.27,11548.61,Tarjeta de crédito,Entregado
T000189,C00038,P0183,2025-04-23,2,28350.99,56701.98,0,0.0,0.0,56701.98,Transferencia bancaria,Entregado
T000190,C00038,P0134,2025-08-18,2,73170.99,146341.98,0,0.0,0.0,146341.98,Transferencia bancaria,Entregado
T000191,C00038,P0091,2026-05-24,1,27590.99,27590.99,5,1379.55,3101.7,29313.14,Mercado Pago,Entregado
T000192,C00038,P0044,2025-12-07,3,73620.99,220862.97,0,0.0,0.0,220862.97,Mercado Pago,Cancelado
T000193,C00038,P0065,2025-04-17,1,36490.99,36490.99,5,1824.55,0.0,34666.44,Mercado Pago,En camino
T000194,C00039,P0113,2024-03-13,1,45170.99,45170.99,0,0.0,0.0,45170.99,Efectivo (contra entrega),Entregado
T000195,C00039,P0045,2023-10-18,3,2330.99,6992.97,0,0.0,4384.96,11377.93,Transferencia bancaria,Entregado
T000196,C00041,P0075,2025-08-13,1,51680.99,51680.99,0,0.0,0.0,51680.99,Tarjeta de débito,Entregado
T000197,C00041,P0009,2026-06-23,4,76570.99,306283.96,0,0.0,0.0,306283.96,Tarjeta de débito,Entregado
T000198,C00041,P0096,2026-01-19,1,32440.99,32440.99,0,0.0,0.0,32440.99,Mercado Pago,Entregado
T000199,C00041,P0136,2025-09-23,3,47130.99,141392.97,0,0.0,0.0,141392.97,Efectivo (contra entrega),Entregado
T000200,C00041,P0034,2025-07-23,1,16800.99,16800.99,0,0.0,2566.97,19367.96,Mercado Pago,Entregado
T000201,C00041,P0019,2025-06-19,2,143070.99,286141.98,0,0.0,0.0,286141.98,Mercado Pago,Entregado
T000202,C00041,P0111,2026-01-13,1,59100.99,59100.99,0,0.0,0.0,59100.99,Tarjeta de crédito,Preparando
T000203,C00042,P0089,2024-05-31,1,70110.99,70110.99,0,0.0,0.0,70110.99,Efectivo (contra entrega),Entregado
T000204,C00042,P0049,2026-05-08,2,113080.99,226161.98,0,0.0,0.0,226161.98,Tarjeta de crédito,Entregado
T000205,C00043,P0006,2026-04-20,2,104670.99,209341.98,0,0.0,0.0,209341.98,Mercado Pago,En camino
T000206,C00043,P0070,2026-05-20,1,59790.99,59790.99,10,5979.1,0.0,53811.89,Tarjeta de crédito,Entregado
T000207,C00043,P0002,2026-04-01,2,34510.99,69021.98,0,0.0,0.0,69021.98,Efectivo (contra entrega),Entregado
T000208,C00043,P0125,2026-04-09,3,138210.99,414632.97,5,20731.65,0.0,393901.32,Tarjeta de crédito,Entregado
T000209,C00043,P0010,2026-07-19,1,99010.99,99010.99,0,0.0,0.0,99010.99,Tarjeta de débito,Entregado
T000210,C00043,P0019,2026-04-13,1,143070.99,143070.99,5,7153.55,0.0,135917.44,Transferencia bancaria,Entregado
T000211,C00043,P0127,2026-06-11,4,53930.99,215723.96,10,21572.4,0.0,194151.56,Tarjeta de crédito,Entregado
T000212,C00044,P0004,2026-02-27,1,73400.99,73400.99,10,7340.1,0.0,66060.89,Mercado Pago,Entregado
T000213,C00044,P0181,2026-05-04,1,14430.99,14430.99,0,0.0,1647.93,16078.92,Tarjeta de crédito,Entregado
T000214,C00044,P0148,2025-11-25,1,86710.99,86710.99,0,0.0,0.0,86710.99,Tarjeta de débito,Entregado
T000215,C00045,P0155,2025-05-18,1,108460.99,108460.99,0,0.0,0.0,108460.99,Tarjeta de débito,Entregado
T000216,C00045,P0139,2025-03-13,1,76500.99,76500.99,20,15300.2,0.0,61200.79,Tarjeta de débito,Entregado
T000217,C00045,P0156,2025-05-16,1,23880.99,23880.99,10,2388.1,2470.23,23963.12,Tarjeta de crédito,Cancelado
T000218,C00045,P0182,2026-03-31,1,118780.99,118780.99,0,0.0,0.0,118780.99,Tarjeta de débito,Entregado
T000219,C00045,P0087,2025-07-07,1,92990.99,92990.99,0,0.0,0.0,92990.99,Mercado Pago,Entregado
T000220,C00045,P0178,2025-11-28,1,82810.99,82810.99,0,0.0,0.0,82810.99,Transferencia bancaria,En camino
T000221,C00045,P0098,2026-03-07,1,66450.99,66450.99,0,0.0,0.0,66450.99,Tarjeta de débito,Cancelado
T000222,C00045,P0114,2025-06-16,1,17660.99,17660.99,0,0.0,3773.2,21434.19,Tarjeta de crédito,En camino
T000223,C00045,P0059,2025-11-11,2,66790.99,133581.98,0,0.0,0.0,133581.98,Tarjeta de débito,Entregado
T000224,C00045,P0043,2025-08-02,2,35310.99,70621.98,10,7062.2,0.0,63559.78,Tarjeta de crédito,Entregado
T000225,C00045,P0063,2025-04-24,1,64680.99,64680.99,0,0.0,0.0,64680.99,Efectivo (contra entrega),Entregado
T000226,C00045,P0181,2026-01-08,1,14430.99,14430.99,0,0.0,3751.07,18182.06,Efectivo (contra entrega),Entregado
T000227,C00045,P0167,2025-09-12,2,116770.99,233541.98,0,0.0,0.0,233541.98,Tarjeta de crédito,Entregado
T000228,C00046,P0075,2024-08-04,1,51680.99,51680.99,5,2584.05,0.0,49096.94,Tarjeta de débito,Entregado
T000229,C00046,P0065,2024-11-25,1,36490.99,36490.99,0,0.0,0.0,36490.99,Mercado Pago,Entregado
T000230,C00046,P0082,2026-01-21,1,70870.99,70870.99,5,3543.55,0.0,67327.44,Transferencia bancaria,Entregado
T000231,C00046,P0110,2025-02-13,1,148390.99,148390.99,5,7419.55,0.0,140971.44,Mercado Pago,Preparando
T000232,C00046,P0074,2026-02-04,2,73660.99,147321.98,0,0.0,0.0,147321.98,Transferencia bancaria,Preparando
T000233,C00047,P0026,2023-07-15,4,71960.99,287843.96,0,0.0,0.0,287843.96,Mercado Pago,Entregado
T000234,C00047,P0133,2024-01-10,1,23360.99,23360.99,0,0.0,1764.06,25125.05,Transferencia bancaria,Entregado
T000235,C00047,P0064,2023-06-08,1,71270.99,71270.99,5,3563.55,0.0,67707.44,Efectivo (contra entrega),Entregado
T000236,C00048,P0178,2024-06-29,1,82810.99,82810.99,0,0.0,0.0,82810.99,Mercado Pago,Entregado
T000237,C00049,P0045,2026-05-26,1,2330.99,2330.99,0,0.0,4487.98,6818.97,Mercado Pago,Cancelado
T000238,C00049,P0123,2026-02-11,2,57150.99,114301.98,5,5715.1,0.0,108586.88,Tarjeta de crédito,Preparando
T000239,C00049,P0049,2026-06-08,3,113080.99,339242.97,15,50886.45,0.0,288356.52,Mercado Pago,Entregado
T000240,C00049,P0160,2026-06-09,2,143890.99,287781.98,5,14389.1,0.0,273392.88,Transferencia bancaria,Entregado
T000241,C00049,P0073,2026-04-30,1,118250.99,118250.99,5,5912.55,0.0,112338.44,Tarjeta de débito,Preparando
T000242,C00049,P0005,2026-07-27,1,15670.99,15670.99,0,0.0,2779.39,18450.38,Efectivo (contra entrega),Entregado
T000243,C00049,P0045,2026-04-13,1,2330.99,2330.99,0,0.0,2120.27,4451.26,Efectivo (contra entrega),Entregado
T000244,C00049,P0174,2026-03-03,1,50040.99,50040.99,0,0.0,0.0,50040.99,Efectivo (contra entrega),Entregado
T000245,C00049,P0034,2026-07-22,3,16800.99,50402.97,0,0.0,0.0,50402.97,Tarjeta de débito,Preparando
T000246,C00049,P0100,2026-05-03,1,19570.99,19570.99,0,0.0,1974.14,21545.13,Efectivo (contra entrega),Entregado
T000247,C00049,P0180,2026-02-06,3,10110.99,30332.97,0,0.0,0.0,30332.97,Tarjeta de débito,Entregado
T000248,C00050,P0176,2024-02-18,2,81010.99,162021.98,15,24303.3,0.0,137718.68,Transferencia bancaria,Entregado
T000249,C00050,P0096,2025-02-21,1,32440.99,32440.99,5,1622.05,0.0,30818.94,Mercado Pago,En camino
T000250,C00050,P0077,2026-03-17,1,80070.99,80070.99,0,0.0,0.0,80070.99,Tarjeta de crédito,Entregado
T000251,C00050,P0011,2024-04-15,2,26210.99,52421.98,5,2621.1,0.0,49800.88,Efectivo (contra entrega),Entregado
T000252,C00050,P0023,2026-04-30,1,99980.99,99980.99,0,0.0,0.0,99980.99,Tarjeta de crédito,Entregado
T000253,C00050,P0151,2025-03-20,1,43590.99,43590.99,5,2179.55,0.0,41411.44,Efectivo (contra entrega),Entregado
T000254,C00051,P0131,2025-12-07,1,17990.99,17990.99,5,899.55,2051.93,19143.37,Transferencia bancaria,Entregado
T000255,C00051,P0126,2025-06-16,1,29260.99,29260.99,0,0.0,1596.69,30857.68,Tarjeta de crédito,Entregado
T000256,C00052,P0091,2026-03-24,3,27590.99,82772.97,0,0.0,0.0,82772.97,Tarjeta de débito,Entregado
T000257,C00054,P0162,2025-07-24,1,60870.99,60870.99,20,12174.2,0.0,48696.79,Efectivo (contra entrega),Entregado
T000258,C00054,P0041,2025-04-11,1,34130.99,34130.99,0,0.0,0.0,34130.99,Tarjeta de débito,Entregado
T000259,C00054,P0171,2024-12-16,1,62510.99,62510.99,10,6251.1,0.0,56259.89,Transferencia bancaria,Entregado
T000260,C00054,P0048,2026-03-08,2,21500.99,43001.98,0,0.0,0.0,43001.98,Efectivo (contra entrega),Cancelado
T000261,C00054,P0072,2023-12-23,1,60590.99,60590.99,0,0.0,0.0,60590.99,Tarjeta de crédito,Preparando
T000262,C00054,P0078,2025-12-15,1,82230.99,82230.99,0,0.0,0.0,82230.99,Tarjeta de crédito,En camino
T000263,C00054,P0071,2025-07-27,2,14390.99,28781.98,0,0.0,3113.61,31895.59,Tarjeta de crédito,Cancelado
T000264,C00055,P0026,2026-05-04,1,71960.99,71960.99,10,7196.1,0.0,64764.89,Tarjeta de débito,Cancelado
T000265,C00055,P0104,2023-04-01,1,56920.99,56920.99,0,0.0,0.0,56920.99,Mercado Pago,Entregado
T000266,C00055,P0019,2026-01-13,1,143070.99,143070.99,0,0.0,0.0,143070.99,Tarjeta de crédito,Entregado
T000267,C00055,P0072,2024-10-01,1,60590.99,60590.99,15,9088.65,0.0,51502.34,Transferencia bancaria,Entregado
T000268,C00055,P0127,2026-06-25,1,53930.99,53930.99,0,0.0,0.0,53930.99,Efectivo (contra entrega),Entregado
T000269,C00055,P0165,2025-03-11,3,8750.99,26252.97,5,1312.65,1905.92,26846.24,Transferencia bancaria,Entregado
T000270,C00055,P0087,2023-08-27,1,92990.99,92990.99,0,0.0,0.0,92990.99,Tarjeta de débito,Preparando
T000271,C00055,P0132,2025-07-24,2,34240.99,68481.98,0,0.0,0.0,68481.98,Tarjeta de débito,Entregado
T000272,C00055,P0012,2024-10-31,2,113560.99,227121.98,0,0.0,0.0,227121.98,Transferencia bancaria,Entregado
T000273,C00055,P0048,2025-05-20,1,21500.99,21500.99,0,0.0,3621.84,25122.83,Efectivo (contra entrega),Entregado
T000274,C00055,P0142,2023-12-09,1,80160.99,80160.99,0,0.0,0.0,80160.99,Tarjeta de crédito,Entregado
T000275,C00055,P0086,2025-07-10,2,17970.99,35941.98,15,5391.3,0.0,30550.68,Tarjeta de débito,Entregado
T000276,C00055,P0180,2025-02-16,1,10110.99,10110.99,0,0.0,3807.47,13918.46,Mercado Pago,Entregado
T000277,C00055,P0013,2025-02-06,1,33690.99,33690.99,10,3369.1,0.0,30321.89,Tarjeta de débito,Entregado
T000278,C00058,P0008,2026-04-30,1,44030.99,44030.99,10,4403.1,0.0,39627.89,Transferencia bancaria,Entregado
T000279,C00059,P0118,2026-06-28,1,39730.99,39730.99,10,3973.1,0.0,35757.89,Transferencia bancaria,Entregado
T000280,C00059,P0186,2025-11-29,1,100370.99,100370.99,0,0.0,0.0,100370.99,Transferencia bancaria,Entregado
T000281,C00059,P0140,2025-11-19,1,116180.99,116180.99,5,5809.05,0.0,110371.94,Efectivo (contra entrega),Entregado
T000282,C00059,P0151,2026-06-01,1,43590.99,43590.99,5,2179.55,0.0,41411.44,Tarjeta de débito,En camino
T000283,C00059,P0118,2026-01-13,1,39730.99,39730.99,0,0.0,0.0,39730.99,Tarjeta de crédito,Entregado
T000284,C00059,P0045,2026-05-13,1,2330.99,2330.99,0,0.0,3234.28,5565.27,Mercado Pago,Entregado
T000285,C00059,P0049,2026-03-28,3,113080.99,339242.97,0,0.0,0.0,339242.97,Tarjeta de débito,Entregado
T000286,C00059,P0070,2026-05-17,1,59790.99,59790.99,0,0.0,0.0,59790.99,Efectivo (contra entrega),Entregado
T000287,C00060,P0180,2024-07-08,2,10110.99,20221.98,0,0.0,2866.01,23087.99,Tarjeta de crédito,Entregado
T000288,C00060,P0155,2024-03-25,1,108460.99,108460.99,0,0.0,0.0,108460.99,Transferencia bancaria,Entregado
T000289,C00061,P0072,2026-05-26,1,60590.99,60590.99,0,0.0,0.0,60590.99,Mercado Pago,Entregado
T000290,C00061,P0115,2026-07-16,1,39000.99,39000.99,0,0.0,0.0,39000.99,Mercado Pago,En camino
T000291,C00061,P0171,2026-06-03,1,62510.99,62510.99,0,0.0,0.0,62510.99,Efectivo (contra entrega),Entregado
T000292,C00061,P0158,2025-10-06,1,48410.99,48410.99,0,0.0,0.0,48410.99,Efectivo (contra entrega),Cancelado
T000293,C00061,P0175,2026-07-03,4,30670.99,122683.96,0,0.0,0.0,122683.96,Mercado Pago,Entregado
T000294,C00061,P0042,2026-05-11,1,80280.99,80280.99,10,8028.1,0.0,72252.89,Efectivo (contra entrega),Entregado
T000295,C00061,P0050,2026-01-11,4,5120.99,20483.96,0,0.0,1889.14,22373.1,Efectivo (contra entrega),Entregado
T000296,C00061,P0029,2026-08-04,2,42890.99,85781.98,0,0.0,0.0,85781.98,Efectivo (contra entrega),En camino
T000297,C00063,P0158,2026-07-08,1,48410.99,48410.99,0,0.0,0.0,48410.99,Transferencia bancaria,Entregado
T000298,C00063,P0007,2025-05-29,1,16940.99,16940.99,0,0.0,4044.21,20985.2,Transferencia bancaria,En camino
T000299,C00063,P0085,2025-08-25,1,69850.99,69850.99,0,0.0,0.0,69850.99,Tarjeta de débito,Entregado
T000300,C00063,P0008,2025-05-17,1,44030.99,44030.99,0,0.0,0.0,44030.99,Tarjeta de crédito,Entregado
T000301,C00063,P0156,2026-04-18,1,23880.99,23880.99,0,0.0,2471.77,26352.76,Mercado Pago,Entregado
T000302,C00063,P0146,2025-11-23,1,77950.99,77950.99,5,3897.55,0.0,74053.44,Tarjeta de crédito,Entregado
T000303,C00063,P0142,2025-10-23,2,80160.99,160321.98,0,0.0,0.0,160321.98,Transferencia bancaria,En camino
T000304,C00064,P0118,2025-11-16,2,39730.99,79461.98,5,3973.1,0.0,75488.88,Transferencia bancaria,Entregado
T000305,C00064,P0160,2024-08-30,2,143890.99,287781.98,0,0.0,0.0,287781.98,Transferencia bancaria,Entregado
T000306,C00064,P0181,2024-12-14,3,14430.99,43292.97,0,0.0,0.0,43292.97,Efectivo (contra entrega),Entregado
T000307,C00064,P0016,2024-10-27,2,82230.99,164461.98,0,0.0,0.0,164461.98,Tarjeta de débito,Entregado
T000308,C00064,P0014,2025-07-05,1,68510.99,68510.99,0,0.0,0.0,68510.99,Mercado Pago,Preparando
T000309,C00064,P0061,2024-11-14,1,29560.99,29560.99,0,0.0,4022.22,33583.21,Transferencia bancaria,Entregado
T000310,C00064,P0100,2025-11-20,1,19570.99,19570.99,10,1957.1,3212.94,20826.83,Efectivo (contra entrega),Entregado
T000311,C00064,P0047,2025-09-22,1,14020.99,14020.99,10,1402.1,2424.84,15043.73,Tarjeta de crédito,En camino
T000312,C00064,P0151,2024-12-30,1,43590.99,43590.99,0,0.0,0.0,43590.99,Mercado Pago,Preparando
T000313,C00064,P0169,2025-08-04,1,116550.99,116550.99,20,23310.2,0.0,93240.79,Mercado Pago,Entregado
T000314,C00064,P0166,2025-12-20,1,11070.99,11070.99,0,0.0,1612.19,12683.18,Tarjeta de crédito,Entregado
T000315,C00064,P0033,2025-01-21,1,38270.99,38270.99,0,0.0,0.0,38270.99,Efectivo (contra entrega),Entregado
T000316,C00064,P0102,2026-02-05,1,100820.99,100820.99,0,0.0,0.0,100820.99,Efectivo (contra entrega),Entregado
T000317,C00065,P0158,2025-08-28,2,48410.99,96821.98,0,0.0,0.0,96821.98,Efectivo (contra entrega),Preparando
T000318,C00065,P0090,2025-10-25,1,83690.99,83690.99,0,0.0,0.0,83690.99,Transferencia bancaria,Entregado
T000319,C00065,P0090,2026-04-05,1,83690.99,83690.99,10,8369.1,0.0,75321.89,Mercado Pago,Entregado
T000320,C00065,P0039,2025-01-24,3,44450.99,133352.97,5,6667.65,0.0,126685.32,Tarjeta de crédito,Entregado
T000321,C00066,P0013,2025-01-04,1,33690.99,33690.99,0,0.0,0.0,33690.99,Mercado Pago,Entregado
T000322,C00066,P0030,2026-07-20,1,42840.99,42840.99,10,4284.1,0.0,38556.89,Tarjeta de débito,Entregado
T000323,C00066,P0136,2025-02-16,1,47130.99,47130.99,0,0.0,0.0,47130.99,Mercado Pago,Entregado
T000324,C00066,P0003,2025-01-09,2,95520.99,191041.98,5,9552.1,0.0,181489.88,Tarjeta de débito,Entregado
T000325,C00067,P0168,2023-07-14,1,20280.99,20280.99,20,4056.2,3178.88,19403.67,Efectivo (contra entrega),Entregado
T000326,C00067,P0168,2023-01-17,1,20280.99,20280.99,0,0.0,1924.67,22205.66,Mercado Pago,Entregado
T000327,C00067,P0084,2025-10-22,1,106390.99,106390.99,0,0.0,0.0,106390.99,Mercado Pago,Entregado
T000328,C00067,P0015,2025-01-25,1,48920.99,48920.99,0,0.0,0.0,48920.99,Tarjeta de crédito,Entregado
T000329,C00069,P0047,2026-06-23,1,14020.99,14020.99,0,0.0,2036.95,16057.94,Efectivo (contra entrega),Entregado
T000330,C00069,P0157,2025-12-05,1,2850.99,2850.99,5,142.55,2837.51,5545.95,Mercado Pago,Entregado
T000331,C00069,P0131,2026-04-14,2,17990.99,35981.98,5,1799.1,0.0,34182.88,Efectivo (contra entrega),Entregado
T000332,C00069,P0036,2026-07-28,1,6740.99,6740.99,15,1011.15,3793.28,9523.12,Tarjeta de crédito,Entregado
T000333,C00069,P0092,2026-05-02,2,67840.99,135681.98,15,20352.3,0.0,115329.68,Transferencia bancaria,Entregado
T000334,C00070,P0165,2026-01-24,1,8750.99,8750.99,5,437.55,2896.19,11209.63,Tarjeta de débito,Entregado
T000335,C00070,P0079,2025-09-01,1,9850.99,9850.99,15,1477.65,2274.16,10647.5,Tarjeta de débito,Entregado
T000336,C00070,P0091,2025-09-08,1,27590.99,27590.99,5,1379.55,3866.34,30077.78,Transferencia bancaria,Preparando
T000337,C00070,P0059,2026-06-01,1,66790.99,66790.99,0,0.0,0.0,66790.99,Transferencia bancaria,Entregado
T000338,C00071,P0014,2026-01-24,2,68510.99,137021.98,0,0.0,0.0,137021.98,Efectivo (contra entrega),Entregado
T000339,C00072,P0052,2025-10-21,1,93290.99,93290.99,0,0.0,0.0,93290.99,Tarjeta de crédito,Entregado
T000340,C00072,P0013,2026-06-28,1,33690.99,33690.99,5,1684.55,0.0,32006.44,Efectivo (contra entrega),En camino
T000341,C00072,P0073,2026-06-07,1,118250.99,118250.99,0,0.0,0.0,118250.99,Tarjeta de débito,Entregado
T000342,C00073,P0103,2026-03-24,1,23150.99,23150.99,0,0.0,1698.18,24849.17,Efectivo (contra entrega),Entregado
T000343,C00073,P0165,2025-07-05,1,8750.99,8750.99,20,1750.2,3201.63,10202.42,Tarjeta de débito,Entregado
T000344,C00073,P0124,2025-11-17,1,55570.99,55570.99,5,2778.55,0.0,52792.44,Efectivo (contra entrega),Entregado
T000345,C00073,P0176,2026-05-15,2,81010.99,162021.98,0,0.0,0.0,162021.98,Mercado Pago,Entregado
T000346,C00073,P0162,2025-10-07,1,60870.99,60870.99,10,6087.1,0.0,54783.89,Transferencia bancaria,Entregado
T000347,C00073,P0069,2024-11-23,1,26180.99,26180.99,0,0.0,3942.2,30123.19,Transferencia bancaria,Entregado
T000348,C00074,P0097,2026-01-28,1,118090.99,118090.99,5,5904.55,0.0,112186.44,Tarjeta de débito,Entregado
T000349,C00074,P0134,2025-08-10,2,73170.99,146341.98,15,21951.3,0.0,124390.68,Tarjeta de crédito,Entregado
T000350,C00074,P0147,2026-01-20,2,92490.99,184981.98,5,9249.1,0.0,175732.88,Mercado Pago,Entregado
T000351,C00074,P0106,2025-07-21,1,12090.99,12090.99,0,0.0,2087.0,14177.99,Mercado Pago,Entregado
T000352,C00074,P0027,2026-02-06,1,66770.99,66770.99,10,6677.1,0.0,60093.89,Transferencia bancaria,Entregado
T000353,C00074,P0120,2025-07-09,2,58730.99,117461.98,15,17619.3,0.0,99842.68,Efectivo (contra entrega),Cancelado
T000354,C00074,P0156,2026-06-01,1,23880.99,23880.99,20,4776.2,2712.59,21817.38,Mercado Pago,Entregado
T000355,C00074,P0035,2025-10-26,1,7230.99,7230.99,15,1084.65,4403.7,10550.04,Efectivo (contra entrega),Entregado
T000356,C00074,P0070,2026-06-04,2,59790.99,119581.98,0,0.0,0.0,119581.98,Tarjeta de crédito,Preparando
T000357,C00074,P0062,2025-12-07,1,80150.99,80150.99,5,4007.55,0.0,76143.44,Mercado Pago,Entregado
T000358,C00074,P0012,2025-11-23,2,113560.99,227121.98,0,0.0,0.0,227121.98,Tarjeta de débito,Entregado
T000359,C00075,P0161,2026-04-20,1,92880.99,92880.99,0,0.0,0.0,92880.99,Mercado Pago,Entregado
T000360,C00075,P0075,2024-07-13,2,51680.99,103361.98,0,0.0,0.0,103361.98,Tarjeta de débito,Cancelado
T000361,C00075,P0007,2024-11-08,1,16940.99,16940.99,0,0.0,1547.12,18488.11,Transferencia bancaria,Entregado
T000362,C00075,P0077,2025-06-19,1,80070.99,80070.99,20,16014.2,0.0,64056.79,Tarjeta de débito,Entregado
T000363,C00075,P0036,2024-09-27,1,6740.99,6740.99,0,0.0,2868.09,9609.08,Efectivo (contra entrega),En camino
T000364,C00075,P0090,2025-06-04,3,83690.99,251072.97,5,12553.65,0.0,238519.32,Transferencia bancaria,Entregado
T000365,C00075,P0088,2025-08-27,1,32190.99,32190.99,0,0.0,0.0,32190.99,Tarjeta de débito,Entregado
T000366,C00076,P0046,2026-05-10,1,18770.99,18770.99,0,0.0,4040.41,22811.4,Efectivo (contra entrega),Entregado
T000367,C00076,P0063,2026-06-21,1,64680.99,64680.99,15,9702.15,0.0,54978.84,Tarjeta de crédito,Entregado
T000368,C00076,P0144,2026-06-11,4,136210.99,544843.96,0,0.0,0.0,544843.96,Tarjeta de crédito,Entregado
T000369,C00076,P0087,2026-07-29,1,92990.99,92990.99,20,18598.2,0.0,74392.79,Efectivo (contra entrega),Entregado
T000370,C00076,P0035,2026-06-17,4,7230.99,28923.96,20,5784.79,3836.61,26975.78,Tarjeta de crédito,Entregado
T000371,C00076,P0030,2026-08-05,1,42840.99,42840.99,5,2142.05,0.0,40698.94,Tarjeta de crédito,Entregado
T000372,C00076,P0030,2026-08-11,1,42840.99,42840.99,0,0.0,0.0,42840.99,Efectivo (contra entrega),Entregado
T000373,C00076,P0167,2026-06-26,1,116770.99,116770.99,0,0.0,0.0,116770.99,Transferencia bancaria,Entregado
T000374,C00076,P0103,2026-04-01,1,23150.99,23150.99,15,3472.65,3221.9,22900.24,Mercado Pago,Entregado
T000375,C00076,P0164,2026-05-25,3,32940.99,98822.97,10,9882.3,0.0,88940.67,Tarjeta de crédito,Entregado
T000376,C00076,P0087,2026-04-24,1,92990.99,92990.99,0,0.0,0.0,92990.99,Efectivo (contra entrega),Entregado
T000377,C00076,P0128,2026-07-29,1,68490.99,68490.99,5,3424.55,0.0,65066.44,Efectivo (contra entrega),Entregado
T000378,C00077,P0075,2023-03-20,1,51680.99,51680.99,0,0.0,0.0,51680.99,Tarjeta de crédito,Entregado
T000379,C00077,P0016,2023-09-27,1,82230.99,82230.99,0,0.0,0.0,82230.99,Mercado Pago,Entregado
T000380,C00077,P0116,2025-12-14,1,25880.99,25880.99,5,1294.05,2325.65,26912.59,Tarjeta de crédito,Entregado
T000381,C00077,P0111,2024-03-11,1,59100.99,59100.99,15,8865.15,0.0,50235.84,Transferencia bancaria,Entregado
T000382,C00077,P0001,2025-09-27,1,22660.99,22660.99,0,0.0,3847.58,26508.57,Tarjeta de débito,Entregado
T000383,C00077,P0084,2026-04-20,2,106390.99,212781.98,10,21278.2,0.0,191503.78,Tarjeta de crédito,Entregado
T000384,C00078,P0110,2026-05-23,1,148390.99,148390.99,10,14839.1,0.0,133551.89,Transferencia bancaria,En camino
T000385,C00078,P0090,2026-06-30,2,83690.99,167381.98,0,0.0,0.0,167381.98,Tarjeta de débito,Entregado
T000386,C00078,P0115,2026-07-27,1,39000.99,39000.99,5,1950.05,0.0,37050.94,Mercado Pago,Entregado
T000387,C00079,P0117,2025-10-08,1,122170.99,122170.99,0,0.0,0.0,122170.99,Transferencia bancaria,Entregado
T000388,C00079,P0013,2025-11-10,2,33690.99,67381.98,10,6738.2,0.0,60643.78,Transferencia bancaria,Entregado
T000389,C00079,P0023,2026-04-19,1,99980.99,99980.99,0,0.0,0.0,99980.99,Efectivo (contra entrega),Entregado
T000390,C00079,P0133,2026-03-30,2,23360.99,46721.98,0,0.0,0.0,46721.98,Transferencia bancaria,Cancelado
T000391,C00079,P0138,2025-05-07,1,3100.99,3100.99,0,0.0,3090.76,6191.75,Tarjeta de crédito,Cancelado
T000392,C00079,P0174,2024-10-24,3,50040.99,150122.97,5,7506.15,0.0,142616.82,Transferencia bancaria,Cancelado
T000393,C00079,P0112,2025-06-26,1,52410.99,52410.99,5,2620.55,0.0,49790.44,Mercado Pago,Entregado
T000394,C00080,P0092,2026-03-28,2,67840.99,135681.98,0,0.0,0.0,135681.98,Transferencia bancaria,Entregado
T000395,C00080,P0114,2026-07-07,2,17660.99,35321.98,5,1766.1,0.0,33555.88,Efectivo (contra entrega),Entregado
T000396,C00080,P0145,2026-06-15,2,60290.99,120581.98,0,0.0,0.0,120581.98,Tarjeta de débito,Entregado
T000397,C00080,P0176,2025-11-09,1,81010.99,81010.99,0,0.0,0.0,81010.99,Tarjeta de crédito,Entregado
T000398,C00081,P0073,2025-07-21,1,118250.99,118250.99,0,0.0,0.0,118250.99,Mercado Pago,Entregado
T000399,C00081,P0082,2026-04-12,1,70870.99,70870.99,0,0.0,0.0,70870.99,Tarjeta de crédito,Entregado
T000400,C00081,P0182,2025-07-10,1,118780.99,118780.99,0,0.0,0.0,118780.99,Tarjeta de débito,Entregado
T000401,C00081,P0011,2026-01-01,3,26210.99,78632.97,5,3931.65,0.0,74701.32,Tarjeta de crédito,Entregado
T000402,C00081,P0166,2025-09-02,1,11070.99,11070.99,5,553.55,2627.88,13145.32,Efectivo (contra entrega),Entregado
T000403,C00081,P0108,2025-10-28,2,106640.99,213281.98,0,0.0,0.0,213281.98,Tarjeta de débito,Entregado
T000404,C00082,P0146,2025-01-21,1,77950.99,77950.99,5,3897.55,0.0,74053.44,Transferencia bancaria,Entregado
T000405,C00082,P0123,2025-12-18,3,57150.99,171452.97,0,0.0,0.0,171452.97,Mercado Pago,Entregado
T000406,C00082,P0071,2026-04-01,1,14390.99,14390.99,10,1439.1,2331.86,15283.75,Transferencia bancaria,Entregado
T000407,C00082,P0028,2024-04-23,1,49350.99,49350.99,0,0.0,0.0,49350.99,Mercado Pago,Cancelado
T000408,C00084,P0069,2026-07-13,1,26180.99,26180.99,20,5236.2,2102.01,23046.8,Transferencia bancaria,Entregado
T000409,C00084,P0127,2025-05-28,1,53930.99,53930.99,0,0.0,0.0,53930.99,Efectivo (contra entrega),Entregado
T000410,C00084,P0091,2026-05-06,1,27590.99,27590.99,15,4138.65,3646.2,27098.54,Tarjeta de crédito,Entregado
T000411,C00084,P0080,2025-08-14,1,16720.99,16720.99,5,836.05,3831.71,19716.65,Transferencia bancaria,Entregado
T000412,C00084,P0156,2026-02-17,1,23880.99,23880.99,5,1194.05,4298.68,26985.62,Mercado Pago,Entregado
T000413,C00086,P0022,2025-12-16,1,86110.99,86110.99,0,0.0,0.0,86110.99,Transferencia bancaria,Entregado
T000414,C00086,P0154,2026-04-13,1,30800.99,30800.99,0,0.0,0.0,30800.99,Tarjeta de crédito,Entregado
T000415,C00086,P0073,2025-07-30,1,118250.99,118250.99,0,0.0,0.0,118250.99,Transferencia bancaria,Cancelado
T000416,C00086,P0108,2026-01-25,1,106640.99,106640.99,0,0.0,0.0,106640.99,Mercado Pago,Cancelado
T000417,C00086,P0080,2025-12-19,1,16720.99,16720.99,0,0.0,3396.82,20117.81,Tarjeta de crédito,Cancelado
T000418,C00086,P0051,2025-12-15,1,22610.99,22610.99,10,2261.1,2520.19,22870.08,Mercado Pago,En camino
T000419,C00086,P0156,2025-09-09,1,23880.99,23880.99,0,0.0,1617.99,25498.98,Tarjeta de débito,Entregado
T000420,C00088,P0056,2026-05-14,2,72090.99,144181.98,5,7209.1,0.0,136972.88,Tarjeta de crédito,Entregado
T000421,C00088,P0149,2026-03-28,2,91760.99,183521.98,0,0.0,0.0,183521.98,Tarjeta de crédito,Entregado
T000422,C00088,P0057,2025-11-15,1,2250.99,2250.99,5,112.55,3278.84,5417.28,Tarjeta de crédito,Entregado
T000423,C00088,P0175,2025-11-16,2,30670.99,61341.98,5,3067.1,0.0,58274.88,Transferencia bancaria,Entregado
T000424,C00088,P0092,2026-04-18,3,67840.99,203522.97,0,0.0,0.0,203522.97,Mercado Pago,Entregado
T000425,C00089,P0118,2026-08-10,1,39730.99,39730.99,0,0.0,0.0,39730.99,Efectivo (contra entrega),En camino
T000426,C00089,P0101,2026-07-18,1,85420.99,85420.99,5,4271.05,0.0,81149.94,Tarjeta de débito,Preparando
T000427,C00090,P0112,2026-06-11,1,52410.99,52410.99,15,7861.65,0.0,44549.34,Tarjeta de débito,Entregado
T000428,C00090,P0052,2026-08-06,1,93290.99,93290.99,0,0.0,0.0,93290.99,Efectivo (contra entrega),Preparando
T000429,C00091,P0002,2024-02-03,1,34510.99,34510.99,5,1725.55,0.0,32785.44,Tarjeta de crédito,Entregado
T000430,C00091,P0177,2023-08-10,3,26110.99,78332.97,10,7833.3,0.0,70499.67,Efectivo (contra entrega),Entregado
T000431,C00091,P0156,2023-05-03,1,23880.99,23880.99,0,0.0,3953.4,27834.39,Transferencia bancaria,Entregado
T000432,C00091,P0172,2024-09-02,1,24980.99,24980.99,5,1249.05,1689.33,25421.27,Mercado Pago,Entregado
T000433,C00091,P0056,2025-10-18,2,72090.99,144181.98,20,28836.4,0.0,115345.58,Mercado Pago,Entregado
T000434,C00091,P0181,2025-12-24,1,14430.99,14430.99,5,721.55,3137.65,16847.09,Tarjeta de débito,Entregado
T000435,C00093,P0138,2026-05-11,1,3100.99,3100.99,0,0.0,2321.68,5422.67,Tarjeta de débito,Entregado
T000436,C00093,P0065,2026-01-31,1,36490.99,36490.99,0,0.0,0.0,36490.99,Efectivo (contra entrega),Entregado
T000437,C00093,P0022,2026-07-04,1,86110.99,86110.99,0,0.0,0.0,86110.99,Efectivo (contra entrega),En camino
T000438,C00093,P0001,2026-07-19,1,22660.99,22660.99,0,0.0,4138.88,26799.87,Tarjeta de crédito,Entregado
T000439,C00093,P0015,2026-03-13,1,48920.99,48920.99,0,0.0,0.0,48920.99,Mercado Pago,Entregado
T000440,C00093,P0084,2026-02-02,1,106390.99,106390.99,10,10639.1,0.0,95751.89,Tarjeta de débito,Entregado
T000441,C00094,P0063,2024-06-02,1,64680.99,64680.99,0,0.0,0.0,64680.99,Tarjeta de débito,Entregado
T000442,C00094,P0049,2025-04-23,3,113080.99,339242.97,5,16962.15,0.0,322280.82,Tarjeta de débito,Entregado
T000443,C00094,P0065,2024-12-11,2,36490.99,72981.98,5,3649.1,0.0,69332.88,Mercado Pago,Entregado
T000444,C00096,P0184,2024-05-28,1,11240.99,11240.99,0,0.0,4459.81,15700.8,Efectivo (contra entrega),Cancelado
T000445,C00096,P0077,2025-05-03,1,80070.99,80070.99,10,8007.1,0.0,72063.89,Tarjeta de débito,Entregado
T000446,C00097,P0117,2026-05-10,2,122170.99,244341.98,5,12217.1,0.0,232124.88,Tarjeta de débito,Entregado
T000447,C00097,P0120,2026-08-12,1,58730.99,58730.99,0,0.0,0.0,58730.99,Transferencia bancaria,En camino
T000448,C00097,P0144,2024-07-13,1,136210.99,136210.99,0,0.0,0.0,136210.99,Tarjeta de crédito,Cancelado
T000449,C00097,P0171,2025-03-05,1,62510.99,62510.99,0,0.0,0.0,62510.99,Mercado Pago,Entregado
T000450,C00097,P0084,2025-10-18,1,106390.99,106390.99,15,15958.65,0.0,90432.34,Tarjeta de crédito,Entregado
T000451,C00098,P0139,2026-04-05,3,76500.99,229502.97,0,0.0,0.0,229502.97,Transferencia bancaria,En camino
T000452,C00098,P0163,2025-08-27,1,64460.99,64460.99,0,0.0,0.0,64460.99,Transferencia bancaria,Entregado
T000453,C00098,P0185,2026-07-21,1,120880.99,120880.99,0,0.0,0.0,120880.99,Mercado Pago,Entregado
T000454,C00098,P0138,2025-10-15,1,3100.99,3100.99,0,0.0,2183.35,5284.34,Transferencia bancaria,Entregado
T000455,C00098,P0143,2026-04-23,2,78310.99,156621.98,0,0.0,0.0,156621.98,Transferencia bancaria,Entregado
T000456,C00098,P0064,2026-06-03,1,71270.99,71270.99,0,0.0,0.0,71270.99,Tarjeta de débito,Entregado
T000457,C00099,P0175,2026-06-28,1,30670.99,30670.99,0,0.0,0.0,30670.99,Tarjeta de débito,Entregado
T000458,C00101,P0169,2026-07-26,1,116550.99,116550.99,0,0.0,0.0,116550.99,Tarjeta de crédito,Entregado
T000459,C00102,P0116,2025-08-21,1,25880.99,25880.99,10,2588.1,2875.74,26168.63,Mercado Pago,Entregado
T000460,C00102,P0082,2025-05-22,1,70870.99,70870.99,0,0.0,0.0,70870.99,Efectivo (contra entrega),Entregado
T000461,C00102,P0090,2025-07-02,3,83690.99,251072.97,0,0.0,0.0,251072.97,Tarjeta de débito,Entregado
T000462,C00102,P0095,2025-10-29,1,27440.99,27440.99,10,2744.1,2967.64,27664.53,Efectivo (contra entrega),Cancelado
T000463,C00103,P0173,2026-03-16,2,7980.99,15961.98,0,0.0,3690.05,19652.03,Tarjeta de débito,Entregado
T000464,C00103,P0162,2024-03-28,1,60870.99,60870.99,0,0.0,0.0,60870.99,Efectivo (contra entrega),Entregado
T000465,C00103,P0175,2026-04-13,3,30670.99,92012.97,15,13801.95,0.0,78211.02,Transferencia bancaria,Preparando
T000466,C00103,P0133,2024-06-22,4,23360.99,93443.96,0,0.0,0.0,93443.96,Efectivo (contra entrega),Entregado
T000467,C00103,P0015,2025-03-05,1,48920.99,48920.99,0,0.0,0.0,48920.99,Tarjeta de crédito,Entregado
T000468,C00104,P0095,2025-01-02,1,27440.99,27440.99,0,0.0,3759.24,31200.23,Transferencia bancaria,Entregado
T000469,C00107,P0049,2026-03-01,1,113080.99,113080.99,5,5654.05,0.0,107426.94,Transferencia bancaria,Entregado
T000470,C00107,P0168,2026-03-17,1,20280.99,20280.99,0,0.0,2877.85,23158.84,Efectivo (contra entrega),Entregado
T000471,C00107,P0034,2026-08-01,1,16800.99,16800.99,0,0.0,3815.51,20616.5,Transferencia bancaria,Preparando
T000472,C00107,P0029,2026-04-06,1,42890.99,42890.99,15,6433.65,0.0,36457.34,Tarjeta de crédito,Entregado
T000473,C00107,P0125,2025-12-23,2,138210.99,276421.98,0,0.0,0.0,276421.98,Mercado Pago,Preparando
T000474,C00107,P0185,2026-07-22,1,120880.99,120880.99,0,0.0,0.0,120880.99,Efectivo (contra entrega),Entregado
T000475,C00107,P0174,2026-07-04,1,50040.99,50040.99,10,5004.1,0.0,45036.89,Tarjeta de crédito,En camino
T000476,C00107,P0173,2026-04-14,1,7980.99,7980.99,0,0.0,4296.73,12277.72,Mercado Pago,Entregado
T000477,C00107,P0169,2026-02-19,2,116550.99,233101.98,0,0.0,0.0,233101.98,Efectivo (contra entrega),Entregado
T000478,C00107,P0032,2026-04-22,1,46630.99,46630.99,0,0.0,0.0,46630.99,Tarjeta de crédito,Entregado
T000479,C00107,P0045,2026-01-04,1,2330.99,2330.99,10,233.1,1915.22,4013.11,Efectivo (contra entrega),Entregado
T000480,C00108,P0010,2026-03-27,1,99010.99,99010.99,5,4950.55,0.0,94060.44,Tarjeta de débito,Entregado
T000481,C00108,P0172,2026-04-28,2,24980.99,49961.98,10,4996.2,0.0,44965.78,Mercado Pago,Entregado
T000482,C00109,P0090,2024-03-13,1,83690.99,83690.99,0,0.0,0.0,83690.99,Mercado Pago,Entregado
T000483,C00109,P0173,2024-09-12,1,7980.99,7980.99,0,0.0,3988.68,11969.67,Efectivo (contra entrega),Entregado
T000484,C00109,P0069,2025-03-19,1,26180.99,26180.99,0,0.0,2376.79,28557.78,Tarjeta de crédito,Entregado
T000485,C00109,P0129,2026-01-09,1,121150.99,121150.99,15,18172.65,0.0,102978.34,Transferencia bancaria,Entregado
T000486,C00109,P0052,2026-07-01,2,93290.99,186581.98,0,0.0,0.0,186581.98,Tarjeta de crédito,Cancelado
T000487,C00109,P0172,2024-02-29,1,24980.99,24980.99,0,0.0,1943.86,26924.85,Tarjeta de débito,Entregado
T000488,C00109,P0163,2026-03-17,1,64460.99,64460.99,5,3223.05,0.0,61237.94,Efectivo (contra entrega),Entregado
T000489,C00109,P0178,2024-10-14,3,82810.99,248432.97,0,0.0,0.0,248432.97,Tarjeta de crédito,Entregado
T000490,C00109,P0057,2025-08-01,1,2250.99,2250.99,0,0.0,4115.38,6366.37,Efectivo (contra entrega),Entregado
T000491,C00109,P0124,2024-11-11,1,55570.99,55570.99,0,0.0,0.0,55570.99,Mercado Pago,Entregado
T000492,C00109,P0160,2026-07-13,1,143890.99,143890.99,5,7194.55,0.0,136696.44,Efectivo (contra entrega),Entregado
T000493,C00109,P0126,2024-04-04,1,29260.99,29260.99,0,0.0,1895.86,31156.85,Tarjeta de débito,En camino
T000494,C00109,P0108,2026-04-02,2,106640.99,213281.98,0,0.0,0.0,213281.98,Mercado Pago,Entregado
T000495,C00109,P0049,2025-01-26,2,113080.99,226161.98,0,0.0,0.0,226161.98,Transferencia bancaria,Entregado
T000496,C00111,P0166,2024-07-03,3,11070.99,33212.97,5,1660.65,0.0,31552.32,Tarjeta de débito,Entregado
T000497,C00111,P0057,2025-04-15,2,2250.99,4501.98,5,225.1,3499.07,7775.95,Tarjeta de débito,Entregado
T000498,C00111,P0104,2025-06-02,1,56920.99,56920.99,20,11384.2,0.0,45536.79,Transferencia bancaria,Entregado
T000499,C00111,P0141,2024-12-12,1,10330.99,10330.99,0,0.0,3187.46,13518.45,Mercado Pago,Entregado
T000500,C00111,P0159,2025-04-13,4,108820.99,435283.96,0,0.0,0.0,435283.96,Tarjeta de débito,Entregado
T000501,C00111,P0132,2025-11-19,1,34240.99,34240.99,0,0.0,0.0,34240.99,Transferencia bancaria,Entregado
T000502,C00112,P0133,2025-01-30,1,23360.99,23360.99,0,0.0,2460.65,25821.64,Efectivo (contra entrega),Entregado
T000503,C00112,P0162,2025-07-02,4,60870.99,243483.96,0,0.0,0.0,243483.96,Transferencia bancaria,Entregado
T000504,C00112,P0137,2023-06-09,2,37150.99,74301.98,20,14860.4,0.0,59441.58,Efectivo (contra entrega),Entregado
T000505,C00112,P0148,2025-11-02,1,86710.99,86710.99,10,8671.1,0.0,78039.89,Transferencia bancaria,Entregado
T000506,C00112,P0140,2026-05-30,1,116180.99,116180.99,0,0.0,0.0,116180.99,Tarjeta de crédito,Entregado
T000507,C00112,P0007,2026-04-28,1,16940.99,16940.99,0,0.0,2424.25,19365.24,Tarjeta de débito,Entregado
T000508,C00112,P0145,2025-10-23,1,60290.99,60290.99,0,0.0,0.0,60290.99,Tarjeta de débito,Entregado
T000509,C00112,P0131,2024-06-09,1,17990.99,17990.99,0,0.0,4307.0,22297.99,Tarjeta de crédito,Entregado
T000510,C00113,P0184,2026-08-08,1,11240.99,11240.99,0,0.0,3514.67,14755.66,Efectivo (contra entrega),Entregado
T000511,C00113,P0111,2026-07-21,1,59100.99,59100.99,0,0.0,0.0,59100.99,Efectivo (contra entrega),Entregado
T000512,C00114,P0082,2026-06-06,3,70870.99,212612.97,0,0.0,0.0,212612.97,Transferencia bancaria,Entregado
T000513,C00114,P0145,2026-01-07,1,60290.99,60290.99,0,0.0,0.0,60290.99,Mercado Pago,Entregado
T000514,C00115,P0020,2026-01-31,4,125770.99,503083.96,15,75462.59,0.0,427621.37,Transferencia bancaria,Entregado
T000515,C00116,P0052,2026-07-24,2,93290.99,186581.98,0,0.0,0.0,186581.98,Transferencia bancaria,En camino
T000516,C00116,P0111,2026-07-16,2,59100.99,118201.98,0,0.0,0.0,118201.98,Efectivo (contra entrega),En camino
T000517,C00116,P0133,2026-08-03,1,23360.99,23360.99,0,0.0,2923.84,26284.83,Mercado Pago,Preparando
T000518,C00116,P0131,2026-07-28,1,17990.99,17990.99,20,3598.2,3768.34,18161.13,Transferencia bancaria,Entregado
T000519,C00116,P0124,2026-08-08,1,55570.99,55570.99,0,0.0,0.0,55570.99,Transferencia bancaria,Entregado
T000520,C00116,P0171,2026-07-26,2,62510.99,125021.98,10,12502.2,0.0,112519.78,Tarjeta de débito,Entregado
T000521,C00116,P0111,2026-07-30,2,59100.99,118201.98,0,0.0,0.0,118201.98,Mercado Pago,Entregado
T000522,C00116,P0181,2026-07-11,2,14430.99,28861.98,0,0.0,3177.84,32039.82,Tarjeta de crédito,Entregado
T000523,C00116,P0147,2026-08-10,2,92490.99,184981.98,0,0.0,0.0,184981.98,Transferencia bancaria,Entregado
T000524,C00116,P0171,2026-08-08,1,62510.99,62510.99,5,3125.55,0.0,59385.44,Tarjeta de débito,Entregado
T000525,C00116,P0013,2026-06-20,1,33690.99,33690.99,5,1684.55,0.0,32006.44,Tarjeta de crédito,Entregado
T000526,C00116,P0039,2026-08-13,2,44450.99,88901.98,0,0.0,0.0,88901.98,Efectivo (contra entrega),Cancelado
T000527,C00117,P0052,2025-03-16,1,93290.99,93290.99,0,0.0,0.0,93290.99,Transferencia bancaria,Preparando
T000528,C00117,P0023,2024-11-13,4,99980.99,399923.96,10,39992.4,0.0,359931.56,Efectivo (contra entrega),Entregado
T000529,C00117,P0133,2025-10-06,1,23360.99,23360.99,0,0.0,3244.96,26605.95,Transferencia bancaria,Entregado
T000530,C00117,P0037,2025-11-30,2,4430.99,8861.98,0,0.0,1989.93,10851.91,Transferencia bancaria,Entregado
T000531,C00117,P0161,2024-05-15,1,92880.99,92880.99,20,18576.2,0.0,74304.79,Mercado Pago,Entregado
T000532,C00117,P0095,2026-06-30,1,27440.99,27440.99,15,4116.15,3041.6,26366.44,Tarjeta de débito,Entregado
T000533,C00117,P0123,2024-12-31,2,57150.99,114301.98,0,0.0,0.0,114301.98,Mercado Pago,Entregado
T000534,C00117,P0064,2026-08-05,2,71270.99,142541.98,10,14254.2,0.0,128287.78,Mercado Pago,Entregado
T000535,C00117,P0069,2024-04-21,1,26180.99,26180.99,5,1309.05,2587.57,27459.51,Mercado Pago,Entregado
T000536,C00117,P0038,2026-05-03,2,69100.99,138201.98,0,0.0,0.0,138201.98,Mercado Pago,Entregado
T000537,C00117,P0127,2024-06-07,2,53930.99,107861.98,0,0.0,0.0,107861.98,Tarjeta de débito,Cancelado
T000538,C00118,P0038,2025-06-20,1,69100.99,69100.99,0,0.0,0.0,69100.99,Efectivo (contra entrega),En camino
T000539,C00118,P0137,2023-12-29,1,37150.99,37150.99,10,3715.1,0.0,33435.89,Efectivo (contra entrega),Entregado
T000540,C00119,P0010,2026-08-13,1,99010.99,99010.99,10,9901.1,0.0,89109.89,Transferencia bancaria,Entregado
T000541,C00119,P0112,2026-05-19,3,52410.99,157232.97,0,0.0,0.0,157232.97,Tarjeta de crédito,Entregado
T000542,C00120,P0091,2026-01-22,1,27590.99,27590.99,5,1379.55,1917.04,28128.48,Efectivo (contra entrega),Entregado
T000543,C00121,P0155,2025-04-18,2,108460.99,216921.98,0,0.0,0.0,216921.98,Tarjeta de crédito,Entregado
T000544,C00121,P0098,2023-08-28,2,66450.99,132901.98,0,0.0,0.0,132901.98,Tarjeta de débito,Entregado
T000545,C00121,P0112,2024-05-19,1,52410.99,52410.99,0,0.0,0.0,52410.99,Tarjeta de crédito,Entregado
T000546,C00121,P0162,2024-05-13,1,60870.99,60870.99,10,6087.1,0.0,54783.89,Tarjeta de crédito,Entregado
T000547,C00121,P0184,2024-04-22,2,11240.99,22481.98,10,2248.2,1627.55,21861.33,Efectivo (contra entrega),Entregado
T000548,C00121,P0006,2025-07-19,1,104670.99,104670.99,0,0.0,0.0,104670.99,Tarjeta de crédito,Preparando
T000549,C00122,P0132,2026-08-10,1,34240.99,34240.99,0,0.0,0.0,34240.99,Tarjeta de crédito,Entregado
T000550,C00122,P0032,2026-07-30,3,46630.99,139892.97,0,0.0,0.0,139892.97,Tarjeta de débito,Preparando
T000551,C00122,P0066,2026-08-03,1,32260.99,32260.99,0,0.0,0.0,32260.99,Mercado Pago,Entregado
T000552,C00122,P0082,2026-08-08,3,70870.99,212612.97,0,0.0,0.0,212612.97,Efectivo (contra entrega),Entregado
T000553,C00122,P0176,2026-08-11,2,81010.99,162021.98,5,8101.1,0.0,153920.88,Tarjeta de crédito,Entregado
T000554,C00122,P0087,2026-08-11,1,92990.99,92990.99,0,0.0,0.0,92990.99,Tarjeta de débito,Entregado
T000555,C00122,P0173,2026-08-05,2,7980.99,15961.98,20,3192.4,2015.32,14784.9,Tarjeta de crédito,Entregado
T000556,C00123,P0123,2025-04-22,1,57150.99,57150.99,0,0.0,0.0,57150.99,Transferencia bancaria,Entregado
T000557,C00123,P0131,2025-04-18,1,17990.99,17990.99,0,0.0,2819.0,20809.99,Tarjeta de débito,Cancelado
T000558,C00124,P0056,2023-03-06,1,72090.99,72090.99,0,0.0,0.0,72090.99,Tarjeta de débito,Entregado
T000559,C00124,P0087,2024-04-29,1,92990.99,92990.99,10,9299.1,0.0,83691.89,Transferencia bancaria,Entregado
T000560,C00124,P0010,2025-04-28,1,99010.99,99010.99,0,0.0,0.0,99010.99,Mercado Pago,Entregado
T000561,C00124,P0186,2025-01-12,1,100370.99,100370.99,0,0.0,0.0,100370.99,Tarjeta de crédito,Entregado
T000562,C00124,P0084,2024-07-03,1,106390.99,106390.99,0,0.0,0.0,106390.99,Transferencia bancaria,Entregado
T000563,C00124,P0046,2025-02-11,1,18770.99,18770.99,0,0.0,4454.89,23225.88,Tarjeta de crédito,Entregado
T000564,C00124,P0047,2023-04-30,2,14020.99,28041.98,10,2804.2,4317.25,29555.03,Tarjeta de crédito,Entregado
T000565,C00124,P0080,2026-04-01,4,16720.99,66883.96,0,0.0,0.0,66883.96,Transferencia bancaria,Entregado
T000566,C00125,P0086,2026-05-05,1,17970.99,17970.99,0,0.0,1930.1,19901.09,Efectivo (contra entrega),Entregado
T000567,C00125,P0110,2026-08-03,4,148390.99,593563.96,5,29678.2,0.0,563885.76,Tarjeta de débito,Preparando
T000568,C00125,P0002,2026-04-11,1,34510.99,34510.99,20,6902.2,0.0,27608.79,Efectivo (contra entrega),Entregado
T000569,C00125,P0174,2026-03-01,2,50040.99,100081.98,0,0.0,0.0,100081.98,Transferencia bancaria,Entregado
T000570,C00125,P0025,2026-06-27,2,22880.99,45761.98,0,0.0,0.0,45761.98,Efectivo (contra entrega),Entregado
T000571,C00125,P0006,2026-03-01,1,104670.99,104670.99,10,10467.1,0.0,94203.89,Transferencia bancaria,En camino
T000572,C00126,P0055,2026-06-01,1,90690.99,90690.99,5,4534.55,0.0,86156.44,Transferencia bancaria,Entregado
T000573,C00127,P0182,2023-10-28,1,118780.99,118780.99,10,11878.1,0.0,106902.89,Mercado Pago,Entregado
T000574,C00127,P0183,2023-08-19,1,28350.99,28350.99,0,0.0,4327.21,32678.2,Tarjeta de crédito,Entregado
T000575,C00130,P0035,2026-05-22,4,7230.99,28923.96,0,0.0,3537.61,32461.57,Efectivo (contra entrega),Entregado
T000576,C00130,P0085,2026-01-03,1,69850.99,69850.99,10,6985.1,0.0,62865.89,Efectivo (contra entrega),Entregado
T000577,C00131,P0139,2024-04-16,2,76500.99,153001.98,0,0.0,0.0,153001.98,Transferencia bancaria,Entregado
T000578,C00132,P0145,2026-02-05,1,60290.99,60290.99,0,0.0,0.0,60290.99,Efectivo (contra entrega),En camino
T000579,C00132,P0036,2025-05-23,1,6740.99,6740.99,10,674.1,4472.13,10539.02,Tarjeta de crédito,Preparando
T000580,C00132,P0113,2025-11-16,1,45170.99,45170.99,0,0.0,0.0,45170.99,Transferencia bancaria,Entregado
T000581,C00132,P0088,2025-10-11,1,32190.99,32190.99,0,0.0,0.0,32190.99,Mercado Pago,Entregado
T000582,C00132,P0073,2025-08-04,2,118250.99,236501.98,0,0.0,0.0,236501.98,Mercado Pago,Entregado
T000583,C00132,P0120,2025-12-12,2,58730.99,117461.98,0,0.0,0.0,117461.98,Transferencia bancaria,Entregado
T000584,C00133,P0146,2025-09-03,1,77950.99,77950.99,0,0.0,0.0,77950.99,Efectivo (contra entrega),Entregado
T000585,C00133,P0096,2026-07-23,2,32440.99,64881.98,0,0.0,0.0,64881.98,Transferencia bancaria,Entregado
T000586,C00134,P0034,2026-08-04,4,16800.99,67203.96,5,3360.2,0.0,63843.76,Mercado Pago,Entregado
T000587,C00134,P0084,2026-07-15,1,106390.99,106390.99,0,0.0,0.0,106390.99,Mercado Pago,Entregado
T000588,C00134,P0182,2023-05-22,1,118780.99,118780.99,5,5939.05,0.0,112841.94,Mercado Pago,Entregado
T000589,C00134,P0023,2026-02-09,1,99980.99,99980.99,0,0.0,0.0,99980.99,Transferencia bancaria,Cancelado
T000590,C00134,P0057,2026-02-14,1,2250.99,2250.99,5,112.55,2242.84,4381.28,Efectivo (contra entrega),Entregado
T000591,C00134,P0041,2025-02-08,1,34130.99,34130.99,5,1706.55,0.0,32424.44,Tarjeta de crédito,Preparando
T000592,C00135,P0088,2026-07-31,1,32190.99,32190.99,0,0.0,0.0,32190.99,Transferencia bancaria,Entregado
T000593,C00136,P0133,2023-11-07,1,23360.99,23360.99,0,0.0,1561.21,24922.2,Tarjeta de crédito,Entregado
T000594,C00136,P0153,2023-05-25,4,80540.99,322163.96,0,0.0,0.0,322163.96,Efectivo (contra entrega),Entregado
T000595,C00136,P0097,2024-10-31,1,118090.99,118090.99,0,0.0,0.0,118090.99,Tarjeta de débito,Entregado
T000596,C00136,P0003,2023-05-30,1,95520.99,95520.99,0,0.0,0.0,95520.99,Mercado Pago,Entregado
T000597,C00136,P0052,2023-04-13,1,93290.99,93290.99,0,0.0,0.0,93290.99,Tarjeta de débito,Cancelado
T000598,C00136,P0105,2023-09-27,1,8040.99,8040.99,10,804.1,3861.45,11098.34,Efectivo (contra entrega),En camino
T000599,C00138,P0077,2026-02-20,1,80070.99,80070.99,20,16014.2,0.0,64056.79,Tarjeta de débito,Entregado
T000600,C00138,P0132,2026-06-05,1,34240.99,34240.99,20,6848.2,0.0,27392.79,Efectivo (contra entrega),Entregado
T000601,C00138,P0146,2026-04-06,1,77950.99,77950.99,0,0.0,0.0,77950.99,Efectivo (contra entrega),Entregado
T000602,C00138,P0153,2025-08-01,1,80540.99,80540.99,0,0.0,0.0,80540.99,Mercado Pago,En camino
T000603,C00139,P0117,2026-02-25,2,122170.99,244341.98,0,0.0,0.0,244341.98,Tarjeta de débito,Entregado
T000604,C00139,P0104,2026-01-13,1,56920.99,56920.99,0,0.0,0.0,56920.99,Efectivo (contra entrega),Entregado
T000605,C00140,P0027,2023-02-02,2,66770.99,133541.98,5,6677.1,0.0,126864.88,Tarjeta de débito,Entregado
T000606,C00140,P0012,2025-03-12,1,113560.99,113560.99,0,0.0,0.0,113560.99,Transferencia bancaria,Cancelado
T000607,C00140,P0099,2024-04-20,1,10460.99,10460.99,5,523.05,3926.8,13864.74,Transferencia bancaria,En camino
T000608,C00141,P0133,2026-07-21,2,23360.99,46721.98,0,0.0,0.0,46721.98,Transferencia bancaria,Entregado
T000609,C00141,P0102,2026-05-08,1,100820.99,100820.99,0,0.0,0.0,100820.99,Mercado Pago,Entregado
T000610,C00141,P0158,2024-12-26,2,48410.99,96821.98,0,0.0,0.0,96821.98,Tarjeta de crédito,Preparando
T000611,C00141,P0099,2026-06-20,1,10460.99,10460.99,10,1046.1,2300.8,11715.69,Tarjeta de débito,Entregado
T000612,C00141,P0164,2024-10-10,1,32940.99,32940.99,5,1647.05,0.0,31293.94,Tarjeta de crédito,Entregado
T000613,C00141,P0154,2024-02-02,1,30800.99,30800.99,0,0.0,0.0,30800.99,Mercado Pago,En camino
T000614,C00142,P0106,2025-02-23,1,12090.99,12090.99,20,2418.2,2766.06,12438.85,Tarjeta de débito,Preparando
T000615,C00142,P0066,2024-12-19,1,32260.99,32260.99,0,0.0,0.0,32260.99,Mercado Pago,Entregado
T000616,C00142,P0040,2024-08-21,1,8100.99,8100.99,0,0.0,4057.56,12158.55,Transferencia bancaria,Cancelado
T000617,C00142,P0070,2025-08-31,2,59790.99,119581.98,0,0.0,0.0,119581.98,Mercado Pago,Preparando
T000618,C00142,P0157,2024-07-15,1,2850.99,2850.99,10,285.1,4201.72,6767.61,Mercado Pago,Entregado
T000619,C00142,P0082,2024-10-12,1,70870.99,70870.99,15,10630.65,0.0,60240.34,Tarjeta de débito,Entregado
T000620,C00142,P0035,2025-01-07,1,7230.99,7230.99,0,0.0,3000.75,10231.74,Efectivo (contra entrega),Entregado
T000621,C00142,P0001,2025-12-15,3,22660.99,67982.97,15,10197.45,0.0,57785.52,Tarjeta de crédito,Entregado
T000622,C00142,P0015,2026-01-06,1,48920.99,48920.99,0,0.0,0.0,48920.99,Mercado Pago,En camino
T000623,C00142,P0158,2026-02-10,2,48410.99,96821.98,5,4841.1,0.0,91980.88,Tarjeta de débito,En camino
T000624,C00142,P0106,2025-12-12,3,12090.99,36272.97,0,0.0,0.0,36272.97,Tarjeta de débito,Entregado
T000625,C00142,P0148,2026-06-23,3,86710.99,260132.97,0,0.0,0.0,260132.97,Efectivo (contra entrega),Entregado
T000626,C00142,P0106,2025-03-04,1,12090.99,12090.99,0,0.0,3598.85,15689.84,Efectivo (contra entrega),Entregado
T000627,C00143,P0160,2026-07-15,1,143890.99,143890.99,0,0.0,0.0,143890.99,Tarjeta de débito,Entregado
T000628,C00143,P0116,2026-07-20,1,25880.99,25880.99,5,1294.05,3964.1,28551.04,Efectivo (contra entrega),Entregado
T000629,C00143,P0111,2026-06-14,1,59100.99,59100.99,5,2955.05,0.0,56145.94,Tarjeta de crédito,En camino
T000630,C00143,P0154,2026-07-28,1,30800.99,30800.99,10,3080.1,0.0,27720.89,Efectivo (contra entrega),Entregado
T000631,C00143,P0086,2026-07-20,1,17970.99,17970.99,5,898.55,3601.85,20674.29,Tarjeta de crédito,Preparando
T000632,C00143,P0069,2026-08-10,1,26180.99,26180.99,0,0.0,2827.21,29008.2,Transferencia bancaria,Entregado
T000633,C00143,P0040,2026-08-11,3,8100.99,24302.97,15,3645.45,2402.66,23060.18,Tarjeta de débito,Cancelado
T000634,C00143,P0102,2026-08-13,1,100820.99,100820.99,10,10082.1,0.0,90738.89,Transferencia bancaria,Entregado
T000635,C00143,P0116,2026-07-14,1,25880.99,25880.99,15,3882.15,3800.22,25799.06,Tarjeta de crédito,Entregado
T000636,C00143,P0159,2026-08-13,1,108820.99,108820.99,0,0.0,0.0,108820.99,Transferencia bancaria,Entregado
T000637,C00143,P0020,2026-07-18,1,125770.99,125770.99,0,0.0,0.0,125770.99,Transferencia bancaria,En camino
T000638,C00143,P0160,2026-07-26,2,143890.99,287781.98,10,28778.2,0.0,259003.78,Mercado Pago,En camino
T000639,C00144,P0139,2025-03-09,1,76500.99,76500.99,0,0.0,0.0,76500.99,Efectivo (contra entrega),Entregado
T000640,C00144,P0176,2023-11-22,2,81010.99,162021.98,0,0.0,0.0,162021.98,Tarjeta de crédito,Entregado
T000641,C00145,P0074,2026-03-28,1,73660.99,73660.99,10,7366.1,0.0,66294.89,Transferencia bancaria,Entregado
T000642,C00145,P0007,2025-12-26,1,16940.99,16940.99,0,0.0,3227.43,20168.42,Tarjeta de débito,Entregado
T000643,C00145,P0075,2025-05-22,1,51680.99,51680.99,20,10336.2,0.0,41344.79,Tarjeta de débito,En camino
T000644,C00145,P0019,2025-07-20,2,143070.99,286141.98,5,14307.1,0.0,271834.88,Mercado Pago,En camino
T000645,C00145,P0013,2025-02-12,1,33690.99,33690.99,15,5053.65,0.0,28637.34,Tarjeta de débito,Entregado
T000646,C00145,P0065,2024-06-24,1,36490.99,36490.99,10,3649.1,0.0,32841.89,Tarjeta de débito,En camino
T000647,C00145,P0060,2024-02-06,1,64800.99,64800.99,0,0.0,0.0,64800.99,Transferencia bancaria,Entregado
T000648,C00145,P0100,2025-04-15,3,19570.99,58712.97,15,8806.95,0.0,49906.02,Tarjeta de crédito,Entregado
T000649,C00146,P0141,2026-07-26,1,10330.99,10330.99,5,516.55,4220.53,14034.97,Tarjeta de débito,Cancelado
T000650,C00146,P0133,2026-03-30,1,23360.99,23360.99,10,2336.1,1649.35,22674.24,Efectivo (contra entrega),Entregado
T000651,C00147,P0171,2026-03-24,1,62510.99,62510.99,20,12502.2,0.0,50008.79,Efectivo (contra entrega),Entregado
T000652,C00147,P0072,2026-07-29,1,60590.99,60590.99,5,3029.55,0.0,57561.44,Transferencia bancaria,Entregado
T000653,C00147,P0175,2025-02-13,2,30670.99,61341.98,0,0.0,0.0,61341.98,Tarjeta de débito,Entregado
T000654,C00147,P0163,2025-04-14,1,64460.99,64460.99,10,6446.1,0.0,58014.89,Mercado Pago,En camino
T000655,C00148,P0156,2026-07-15,1,23880.99,23880.99,0,0.0,4069.01,27950.0,Mercado Pago,Entregado
T000656,C00148,P0139,2025-09-19,2,76500.99,153001.98,0,0.0,0.0,153001.98,Tarjeta de débito,Entregado
T000657,C00149,P0112,2026-07-22,1,52410.99,52410.99,0,0.0,0.0,52410.99,Tarjeta de débito,Entregado
T000658,C00149,P0028,2026-08-12,1,49350.99,49350.99,5,2467.55,0.0,46883.44,Tarjeta de crédito,Entregado
T000659,C00150,P0042,2025-11-13,1,80280.99,80280.99,0,0.0,0.0,80280.99,Tarjeta de débito,Entregado
T000660,C00150,P0081,2025-06-12,2,108380.99,216761.98,5,10838.1,0.0,205923.88,Mercado Pago,Entregado
T000661,C00150,P0086,2026-01-22,1,17970.99,17970.99,0,0.0,1656.34,19627.33,Transferencia bancaria,Cancelado
T000662,C00150,P0166,2025-06-11,3,11070.99,33212.97,20,6642.59,0.0,26570.38,Efectivo (contra entrega),Cancelado
T000663,C00150,P0137,2025-10-22,2,37150.99,74301.98,10,7430.2,0.0,66871.78,Efectivo (contra entrega),Entregado
T000664,C00151,P0101,2026-05-12,1,85420.99,85420.99,20,17084.2,0.0,68336.79,Tarjeta de débito,Entregado
T000665,C00151,P0072,2026-03-27,3,60590.99,181772.97,0,0.0,0.0,181772.97,Mercado Pago,Entregado
T000666,C00151,P0124,2026-07-06,1,55570.99,55570.99,0,0.0,0.0,55570.99,Transferencia bancaria,Entregado
T000667,C00151,P0166,2026-03-27,1,11070.99,11070.99,0,0.0,3091.27,14162.26,Tarjeta de crédito,Entregado
T000668,C00151,P0114,2026-07-13,1,17660.99,17660.99,20,3532.2,2997.63,17126.42,Mercado Pago,Cancelado
T000669,C00151,P0086,2026-08-11,2,17970.99,35941.98,15,5391.3,0.0,30550.68,Mercado Pago,Entregado
T000670,C00152,P0034,2026-07-10,2,16800.99,33601.98,15,5040.3,0.0,28561.68,Transferencia bancaria,Entregado
T000671,C00152,P0078,2025-08-25,2,82230.99,164461.98,0,0.0,0.0,164461.98,Tarjeta de débito,Cancelado
T000672,C00152,P0018,2026-07-02,1,88340.99,88340.99,15,13251.15,0.0,75089.84,Transferencia bancaria,Entregado
T000673,C00152,P0105,2026-03-14,1,8040.99,8040.99,0,0.0,2189.58,10230.57,Mercado Pago,Entregado
T000674,C00152,P0009,2026-03-10,1,76570.99,76570.99,0,0.0,0.0,76570.99,Transferencia bancaria,Entregado
T000675,C00152,P0073,2026-02-10,1,118250.99,118250.99,0,0.0,0.0,118250.99,Transferencia bancaria,Entregado
T000676,C00153,P0013,2026-07-07,1,33690.99,33690.99,10,3369.1,0.0,30321.89,Tarjeta de crédito,Preparando
T000677,C00153,P0016,2026-04-14,1,82230.99,82230.99,0,0.0,0.0,82230.99,Tarjeta de débito,Entregado
T000678,C00153,P0097,2026-03-04,2,118090.99,236181.98,10,23618.2,0.0,212563.78,Efectivo (contra entrega),Entregado
T000679,C00153,P0142,2026-04-27,1,80160.99,80160.99,20,16032.2,0.0,64128.79,Efectivo (contra entrega),Entregado
T000680,C00153,P0123,2026-05-14,1,57150.99,57150.99,15,8572.65,0.0,48578.34,Transferencia bancaria,Entregado
T000681,C00155,P0014,2024-12-21,1,68510.99,68510.99,5,3425.55,0.0,65085.44,Transferencia bancaria,Entregado
T000682,C00155,P0155,2025-08-22,1,108460.99,108460.99,15,16269.15,0.0,92191.84,Mercado Pago,Entregado
T000683,C00155,P0085,2026-05-22,1,69850.99,69850.99,0,0.0,0.0,69850.99,Transferencia bancaria,En camino
T000684,C00155,P0075,2025-01-25,1,51680.99,51680.99,20,10336.2,0.0,41344.79,Tarjeta de crédito,Entregado
T000685,C00157,P0057,2025-09-03,1,2250.99,2250.99,20,450.2,2474.75,4275.54,Efectivo (contra entrega),Entregado
T000686,C00157,P0095,2025-12-27,1,27440.99,27440.99,10,2744.1,3904.67,28601.56,Tarjeta de crédito,Entregado
T000687,C00158,P0184,2023-08-09,1,11240.99,11240.99,5,562.05,1777.65,12456.59,Tarjeta de débito,Entregado
T000688,C00158,P0145,2024-07-07,3,60290.99,180872.97,10,18087.3,0.0,162785.67,Tarjeta de débito,Entregado
T000689,C00158,P0064,2025-10-08,1,71270.99,71270.99,10,7127.1,0.0,64143.89,Tarjeta de débito,Entregado
T000690,C00158,P0161,2025-07-28,1,92880.99,92880.99,0,0.0,0.0,92880.99,Mercado Pago,Entregado
T000691,C00158,P0065,2024-09-12,3,36490.99,109472.97,5,5473.65,0.0,103999.32,Tarjeta de crédito,Entregado
T000692,C00158,P0155,2023-05-14,2,108460.99,216921.98,0,0.0,0.0,216921.98,Transferencia bancaria,Entregado
T000693,C00158,P0036,2026-02-22,1,6740.99,6740.99,0,0.0,2769.21,9510.2,Mercado Pago,Entregado
T000694,C00159,P0040,2026-01-22,1,8100.99,8100.99,5,405.05,1778.84,9474.78,Transferencia bancaria,Entregado
T000695,C00159,P0138,2023-05-09,1,3100.99,3100.99,5,155.05,3640.91,6586.85,Efectivo (contra entrega),Cancelado
T000696,C00159,P0027,2023-10-30,1,66770.99,66770.99,0,0.0,0.0,66770.99,Transferencia bancaria,Entregado
T000697,C00159,P0030,2023-07-08,1,42840.99,42840.99,10,4284.1,0.0,38556.89,Tarjeta de débito,Entregado
T000698,C00159,P0144,2024-12-29,1,136210.99,136210.99,0,0.0,0.0,136210.99,Transferencia bancaria,Entregado
T000699,C00159,P0079,2025-01-15,1,9850.99,9850.99,0,0.0,1729.6,11580.59,Tarjeta de crédito,Entregado
T000700,C00160,P0007,2025-01-18,1,16940.99,16940.99,0,0.0,3482.57,20423.56,Mercado Pago,Entregado
T000701,C00160,P0020,2025-02-19,1,125770.99,125770.99,0,0.0,0.0,125770.99,Tarjeta de crédito,Entregado
T000702,C00161,P0051,2023-08-26,2,22610.99,45221.98,0,0.0,0.0,45221.98,Transferencia bancaria,En camino
T000703,C00161,P0037,2025-08-02,1,4430.99,4430.99,0,0.0,3613.14,8044.13,Transferencia bancaria,Entregado
T000704,C00162,P0114,2025-02-22,1,17660.99,17660.99,5,883.05,2295.22,19073.16,Tarjeta de débito,Cancelado
T000705,C00162,P0033,2025-03-31,1,38270.99,38270.99,0,0.0,0.0,38270.99,Mercado Pago,Cancelado
T000706,C00162,P0003,2025-05-01,2,95520.99,191041.98,0,0.0,0.0,191041.98,Tarjeta de crédito,Entregado
T000707,C00162,P0032,2026-04-11,1,46630.99,46630.99,0,0.0,0.0,46630.99,Transferencia bancaria,Entregado
T000708,C00162,P0030,2025-05-01,1,42840.99,42840.99,10,4284.1,0.0,38556.89,Efectivo (contra entrega),Cancelado
T000709,C00162,P0147,2025-11-10,2,92490.99,184981.98,0,0.0,0.0,184981.98,Efectivo (contra entrega),En camino
T000710,C00162,P0049,2024-11-20,1,113080.99,113080.99,5,5654.05,0.0,107426.94,Transferencia bancaria,Entregado
T000711,C00162,P0110,2026-01-29,2,148390.99,296781.98,0,0.0,0.0,296781.98,Tarjeta de débito,Entregado
T000712,C00163,P0120,2025-02-07,2,58730.99,117461.98,5,5873.1,0.0,111588.88,Tarjeta de crédito,Entregado
T000713,C00163,P0047,2026-06-27,1,14020.99,14020.99,5,701.05,3449.22,16769.16,Efectivo (contra entrega),Entregado
T000714,C00164,P0138,2026-08-02,1,3100.99,3100.99,10,310.1,1944.5,4735.39,Tarjeta de crédito,Entregado
T000715,C00164,P0127,2026-07-25,1,53930.99,53930.99,0,0.0,0.0,53930.99,Transferencia bancaria,Entregado
T000716,C00164,P0160,2026-05-24,1,143890.99,143890.99,10,14389.1,0.0,129501.89,Tarjeta de débito,Entregado
T000717,C00165,P0062,2026-03-29,1,80150.99,80150.99,10,8015.1,0.0,72135.89,Tarjeta de crédito,Entregado
T000718,C00168,P0101,2026-01-17,1,85420.99,85420.99,0,0.0,0.0,85420.99,Efectivo (contra entrega),Entregado
T000719,C00168,P0099,2026-05-16,1,10460.99,10460.99,0,0.0,2372.32,12833.31,Transferencia bancaria,Entregado
T000720,C00170,P0144,2025-12-05,1,136210.99,136210.99,5,6810.55,0.0,129400.44,Transferencia bancaria,En camino
T000721,C00170,P0041,2026-01-02,1,34130.99,34130.99,0,0.0,0.0,34130.99,Efectivo (contra entrega),Entregado
T000722,C00170,P0145,2025-12-25,1,60290.99,60290.99,0,0.0,0.0,60290.99,Transferencia bancaria,Preparando
T000723,C00170,P0128,2025-09-04,2,68490.99,136981.98,0,0.0,0.0,136981.98,Mercado Pago,Entregado
T000724,C00170,P0002,2026-03-16,1,34510.99,34510.99,0,0.0,0.0,34510.99,Tarjeta de débito,Entregado
T000725,C00170,P0074,2025-06-28,1,73660.99,73660.99,0,0.0,0.0,73660.99,Efectivo (contra entrega),Entregado
T000726,C00170,P0176,2024-09-02,3,81010.99,243032.97,0,0.0,0.0,243032.97,Transferencia bancaria,Entregado
T000727,C00171,P0084,2023-01-11,2,106390.99,212781.98,5,10639.1,0.0,202142.88,Transferencia bancaria,Entregado
T000728,C00171,P0091,2025-02-22,2,27590.99,55181.98,5,2759.1,0.0,52422.88,Transferencia bancaria,Entregado
T000729,C00171,P0156,2025-06-09,2,23880.99,47761.98,10,4776.2,0.0,42985.78,Mercado Pago,Entregado
T000730,C00172,P0147,2025-02-15,2,92490.99,184981.98,5,9249.1,0.0,175732.88,Tarjeta de débito,Entregado
T000731,C00172,P0115,2024-10-06,1,39000.99,39000.99,0,0.0,0.0,39000.99,Transferencia bancaria,En camino
T000732,C00172,P0099,2024-05-16,1,10460.99,10460.99,0,0.0,1641.15,12102.14,Mercado Pago,Entregado
T000733,C00172,P0062,2025-11-10,1,80150.99,80150.99,0,0.0,0.0,80150.99,Efectivo (contra entrega),En camino
T000734,C00172,P0030,2024-08-26,1,42840.99,42840.99,0,0.0,0.0,42840.99,Efectivo (contra entrega),Entregado
T000735,C00172,P0156,2025-12-30,1,23880.99,23880.99,0,0.0,2959.1,26840.09,Mercado Pago,Cancelado
T000736,C00172,P0178,2024-07-10,2,82810.99,165621.98,10,16562.2,0.0,149059.78,Tarjeta de débito,Entregado
T000737,C00173,P0178,2024-10-13,2,82810.99,165621.98,5,8281.1,0.0,157340.88,Tarjeta de crédito,Entregado
T000738,C00174,P0180,2026-07-27,2,10110.99,20221.98,20,4044.4,3767.29,19944.87,Efectivo (contra entrega),Cancelado
T000739,C00174,P0013,2026-08-05,1,33690.99,33690.99,10,3369.1,0.0,30321.89,Efectivo (contra entrega),Entregado
T000740,C00174,P0111,2026-08-05,1,59100.99,59100.99,0,0.0,0.0,59100.99,Tarjeta de débito,Entregado
T000741,C00174,P0084,2026-08-05,3,106390.99,319172.97,0,0.0,0.0,319172.97,Transferencia bancaria,Entregado
T000742,C00174,P0162,2026-08-12,2,60870.99,121741.98,0,0.0,0.0,121741.98,Tarjeta de débito,Preparando
T000743,C00175,P0069,2024-09-23,1,26180.99,26180.99,10,2618.1,1868.95,25431.84,Transferencia bancaria,Entregado
T000744,C00175,P0023,2024-12-28,2,99980.99,199961.98,0,0.0,0.0,199961.98,Transferencia bancaria,En camino
T000745,C00176,P0022,2025-12-16,1,86110.99,86110.99,0,0.0,0.0,86110.99,Transferencia bancaria,Entregado
T000746,C00176,P0076,2026-06-28,1,80370.99,80370.99,5,4018.55,0.0,76352.44,Efectivo (contra entrega),Entregado
T000747,C00176,P0147,2024-01-08,1,92490.99,92490.99,0,0.0,0.0,92490.99,Transferencia bancaria,En camino
T000748,C00176,P0040,2026-06-20,3,8100.99,24302.97,15,3645.45,4355.52,25013.04,Mercado Pago,Entregado
T000749,C00178,P0181,2026-04-04,1,14430.99,14430.99,0,0.0,3918.74,18349.73,Tarjeta de crédito,Cancelado
T000750,C00178,P0013,2025-10-18,1,33690.99,33690.99,0,0.0,0.0,33690.99,Transferencia bancaria,Entregado
T000751,C00178,P0103,2024-11-17,1,23150.99,23150.99,10,2315.1,3480.53,24316.42,Efectivo (contra entrega),Entregado
T000752,C00178,P0064,2024-05-31,1,71270.99,71270.99,5,3563.55,0.0,67707.44,Efectivo (contra entrega),Entregado
T000753,C00178,P0129,2026-04-01,4,121150.99,484603.96,0,0.0,0.0,484603.96,Efectivo (contra entrega),Preparando
T000754,C00179,P0024,2024-04-30,2,102000.99,204001.98,0,0.0,0.0,204001.98,Mercado Pago,Entregado
T000755,C00180,P0080,2024-04-03,1,16720.99,16720.99,0,0.0,2711.81,19432.8,Efectivo (contra entrega),Entregado
T000756,C00180,P0019,2023-08-07,1,143070.99,143070.99,5,7153.55,0.0,135917.44,Mercado Pago,Entregado
T000757,C00180,P0183,2024-01-16,2,28350.99,56701.98,10,5670.2,0.0,51031.78,Tarjeta de débito,Entregado
T000758,C00180,P0008,2024-10-04,2,44030.99,88061.98,0,0.0,0.0,88061.98,Transferencia bancaria,Entregado
T000759,C00180,P0155,2023-10-23,2,108460.99,216921.98,5,10846.1,0.0,206075.88,Efectivo (contra entrega),Entregado
T000760,C00180,P0110,2023-08-12,1,148390.99,148390.99,0,0.0,0.0,148390.99,Efectivo (contra entrega),Entregado
T000761,C00181,P0114,2026-06-04,2,17660.99,35321.98,0,0.0,0.0,35321.98,Efectivo (contra entrega),Entregado
T000762,C00181,P0140,2024-04-06,1,116180.99,116180.99,0,0.0,0.0,116180.99,Transferencia bancaria,Entregado
T000763,C00181,P0168,2025-05-13,4,20280.99,81123.96,0,0.0,0.0,81123.96,Mercado Pago,Entregado
T000764,C00181,P0089,2023-10-11,1,70110.99,70110.99,0,0.0,0.0,70110.99,Tarjeta de crédito,Entregado
T000765,C00182,P0116,2024-11-08,1,25880.99,25880.99,5,1294.05,2859.44,27446.38,Efectivo (contra entrega),Cancelado
T000766,C00182,P0143,2024-12-18,1,78310.99,78310.99,15,11746.65,0.0,66564.34,Efectivo (contra entrega),Entregado
T000767,C00182,P0177,2024-07-18,2,26110.99,52221.98,0,0.0,0.0,52221.98,Efectivo (contra entrega),Entregado
T000768,C00182,P0085,2025-08-04,1,69850.99,69850.99,5,3492.55,0.0,66358.44,Tarjeta de débito,Entregado
T000769,C00182,P0058,2025-06-28,1,10690.99,10690.99,0,0.0,2077.67,12768.66,Transferencia bancaria,Entregado
T000770,C00183,P0068,2024-03-04,1,120640.99,120640.99,0,0.0,0.0,120640.99,Tarjeta de crédito,Entregado
T000771,C00183,P0168,2025-06-08,1,20280.99,20280.99,15,3042.15,2928.76,20167.6,Mercado Pago,Entregado
T000772,C00184,P0157,2025-05-05,1,2850.99,2850.99,0,0.0,3056.83,5907.82,Mercado Pago,Entregado
T000773,C00184,P0183,2026-06-21,1,28350.99,28350.99,5,1417.55,4489.54,31422.98,Transferencia bancaria,Entregado
T000774,C00184,P0105,2026-01-01,2,8040.99,16081.98,0,0.0,1988.53,18070.51,Transferencia bancaria,Entregado
T000775,C00184,P0088,2025-07-19,2,32190.99,64381.98,0,0.0,0.0,64381.98,Efectivo (contra entrega),Entregado
T000776,C00184,P0015,2025-12-08,1,48920.99,48920.99,0,0.0,0.0,48920.99,Tarjeta de débito,Entregado
T000777,C00184,P0006,2026-05-19,3,104670.99,314012.97,0,0.0,0.0,314012.97,Efectivo (contra entrega),Cancelado
T000778,C00184,P0002,2025-10-12,2,34510.99,69021.98,0,0.0,0.0,69021.98,Mercado Pago,Entregado
T000779,C00186,P0060,2026-05-15,1,64800.99,64800.99,0,0.0,0.0,64800.99,Mercado Pago,Entregado
T000780,C00186,P0084,2026-08-07,1,106390.99,106390.99,10,10639.1,0.0,95751.89,Efectivo (contra entrega),Entregado
T000781,C00186,P0099,2026-06-02,1,10460.99,10460.99,15,1569.15,2415.49,11307.33,Tarjeta de débito,Entregado
T000782,C00187,P0074,2025-08-27,2,73660.99,147321.98,0,0.0,0.0,147321.98,Tarjeta de crédito,Entregado
T000783,C00187,P0082,2025-02-05,2,70870.99,141741.98,0,0.0,0.0,141741.98,Efectivo (contra entrega),Entregado
T000784,C00187,P0073,2025-09-01,1,118250.99,118250.99,0,0.0,0.0,118250.99,Efectivo (contra entrega),Entregado
T000785,C00187,P0009,2026-06-23,1,76570.99,76570.99,0,0.0,0.0,76570.99,Transferencia bancaria,Entregado
T000786,C00187,P0022,2026-02-15,1,86110.99,86110.99,0,0.0,0.0,86110.99,Tarjeta de crédito,Entregado
T000787,C00187,P0018,2026-06-23,2,88340.99,176681.98,5,8834.1,0.0,167847.88,Tarjeta de débito,Entregado
T000788,C00187,P0120,2025-02-02,3,58730.99,176192.97,0,0.0,0.0,176192.97,Transferencia bancaria,Entregado
T000789,C00187,P0113,2026-06-04,2,45170.99,90341.98,5,4517.1,0.0,85824.88,Tarjeta de crédito,Preparando
T000790,C00188,P0052,2025-12-29,1,93290.99,93290.99,10,9329.1,0.0,83961.89,Tarjeta de crédito,Entregado
T000791,C00188,P0136,2025-06-30,1,47130.99,47130.99,0,0.0,0.0,47130.99,Efectivo (contra entrega),Cancelado
T000792,C00188,P0147,2025-07-23,1,92490.99,92490.99,0,0.0,0.0,92490.99,Tarjeta de débito,Entregado
T000793,C00188,P0050,2025-09-24,2,5120.99,10241.98,0,0.0,1555.99,11797.97,Efectivo (contra entrega),Entregado
T000794,C00188,P0112,2026-03-18,1,52410.99,52410.99,0,0.0,0.0,52410.99,Tarjeta de débito,En camino
T000795,C00188,P0157,2026-07-30,2,2850.99,5701.98,10,570.2,3238.66,8370.44,Efectivo (contra entrega),Entregado
T000796,C00188,P0124,2026-05-18,1,55570.99,55570.99,0,0.0,0.0,55570.99,Tarjeta de crédito,Entregado
T000797,C00188,P0025,2026-04-21,1,22880.99,22880.99,0,0.0,1572.17,24453.16,Transferencia bancaria,Entregado
T000798,C00188,P0103,2025-08-30,1,23150.99,23150.99,0,0.0,1798.0,24948.99,Tarjeta de débito,Entregado
T000799,C00188,P0099,2025-06-25,1,10460.99,10460.99,10,1046.1,1962.68,11377.57,Tarjeta de débito,Cancelado
T000800,C00188,P0181,2025-08-01,1,14430.99,14430.99,20,2886.2,2044.37,13589.16,Mercado Pago,Entregado
T000801,C00188,P0004,2025-10-20,1,73400.99,73400.99,0,0.0,0.0,73400.99,Mercado Pago,Entregado
T000802,C00188,P0120,2025-12-12,1,58730.99,58730.99,15,8809.65,0.0,49921.34,Tarjeta de crédito,Preparando
T000803,C00188,P0113,2026-04-17,1,45170.99,45170.99,10,4517.1,0.0,40653.89,Transferencia bancaria,Entregado
T000804,C00188,P0035,2026-03-20,1,7230.99,7230.99,0,0.0,4348.07,11579.06,Mercado Pago,Entregado
T000805,C00189,P0041,2023-10-04,1,34130.99,34130.99,0,0.0,0.0,34130.99,Tarjeta de débito,Entregado
T000806,C00189,P0061,2025-08-26,3,29560.99,88682.97,0,0.0,0.0,88682.97,Efectivo (contra entrega),Entregado
T000807,C00189,P0155,2026-04-14,1,108460.99,108460.99,0,0.0,0.0,108460.99,Tarjeta de débito,Entregado
T000808,C00189,P0124,2023-08-25,1,55570.99,55570.99,0,0.0,0.0,55570.99,Efectivo (contra entrega),Entregado
T000809,C00189,P0079,2023-11-03,1,9850.99,9850.99,20,1970.2,2619.92,10500.71,Tarjeta de débito,Cancelado
T000810,C00190,P0174,2025-08-16,3,50040.99,150122.97,20,30024.59,0.0,120098.38,Tarjeta de crédito,Entregado
T000811,C00190,P0114,2025-01-02,1,17660.99,17660.99,0,0.0,3988.12,21649.11,Tarjeta de débito,Entregado
T000812,C00190,P0075,2023-11-22,1,51680.99,51680.99,15,7752.15,0.0,43928.84,Efectivo (contra entrega),Entregado
T000813,C00190,P0061,2025-02-16,1,29560.99,29560.99,5,1478.05,4497.73,32580.67,Tarjeta de débito,En camino
T000814,C00190,P0094,2026-01-26,1,27390.99,27390.99,0,0.0,1636.45,29027.44,Efectivo (contra entrega),Entregado
T000815,C00190,P0094,2025-05-11,1,27390.99,27390.99,0,0.0,3595.29,30986.28,Efectivo (contra entrega),En camino
T000816,C00191,P0184,2026-07-17,2,11240.99,22481.98,0,0.0,3014.46,25496.44,Mercado Pago,En camino
T000817,C00191,P0063,2026-01-27,1,64680.99,64680.99,20,12936.2,0.0,51744.79,Mercado Pago,Entregado
T000818,C00191,P0149,2025-07-08,1,91760.99,91760.99,20,18352.2,0.0,73408.79,Transferencia bancaria,Entregado
T000819,C00191,P0143,2026-01-05,3,78310.99,234932.97,0,0.0,0.0,234932.97,Tarjeta de débito,Preparando
T000820,C00192,P0016,2026-03-10,3,82230.99,246692.97,5,12334.65,0.0,234358.32,Tarjeta de crédito,Entregado
T000821,C00192,P0069,2024-01-03,1,26180.99,26180.99,0,0.0,4185.8,30366.79,Transferencia bancaria,Entregado
T000822,C00192,P0070,2023-12-04,1,59790.99,59790.99,10,5979.1,0.0,53811.89,Tarjeta de crédito,Entregado
T000823,C00192,P0110,2024-11-03,1,148390.99,148390.99,15,22258.65,0.0,126132.34,Transferencia bancaria,En camino
T000824,C00192,P0046,2024-11-21,1,18770.99,18770.99,0,0.0,3938.34,22709.33,Mercado Pago,En camino
T000825,C00192,P0047,2023-11-23,1,14020.99,14020.99,10,1402.1,3935.61,16554.5,Tarjeta de crédito,Cancelado
T000826,C00192,P0062,2024-12-06,1,80150.99,80150.99,15,12022.65,0.0,68128.34,Tarjeta de débito,Entregado
T000827,C00193,P0183,2025-12-09,1,28350.99,28350.99,0,0.0,4264.2,32615.19,Tarjeta de crédito,Entregado
T000828,C00193,P0046,2026-05-01,2,18770.99,37541.98,5,1877.1,0.0,35664.88,Tarjeta de débito,En camino
T000829,C00193,P0011,2025-11-27,1,26210.99,26210.99,0,0.0,2589.0,28799.99,Efectivo (contra entrega),Entregado
T000830,C00193,P0177,2026-03-29,1,26110.99,26110.99,0,0.0,3963.37,30074.36,Mercado Pago,Entregado
T000831,C00193,P0089,2026-05-27,1,70110.99,70110.99,0,0.0,0.0,70110.99,Efectivo (contra entrega),Entregado
T000832,C00193,P0064,2026-01-02,1,71270.99,71270.99,5,3563.55,0.0,67707.44,Efectivo (contra entrega),Entregado
T000833,C00193,P0022,2026-03-05,1,86110.99,86110.99,0,0.0,0.0,86110.99,Efectivo (contra entrega),Entregado
T000834,C00194,P0116,2026-04-16,1,25880.99,25880.99,0,0.0,3846.76,29727.75,Tarjeta de crédito,Entregado
T000835,C00194,P0105,2026-05-14,4,8040.99,32163.96,5,1608.2,0.0,30555.76,Mercado Pago,Entregado
T000836,C00194,P0184,2026-06-06,1,11240.99,11240.99,15,1686.15,1505.86,11060.7,Tarjeta de crédito,Entregado
T000837,C00194,P0035,2025-12-31,2,7230.99,14461.98,0,0.0,4033.02,18495.0,Tarjeta de crédito,Entregado
T000838,C00194,P0112,2026-06-01,1,52410.99,52410.99,0,0.0,0.0,52410.99,Tarjeta de crédito,Entregado
T000839,C00194,P0165,2026-05-15,2,8750.99,17501.98,0,0.0,2333.8,19835.78,Transferencia bancaria,Entregado
T000840,C00194,P0002,2026-05-19,1,34510.99,34510.99,0,0.0,0.0,34510.99,Efectivo (contra entrega),Entregado
T000841,C00194,P0098,2026-02-15,2,66450.99,132901.98,20,26580.4,0.0,106321.58,Transferencia bancaria,Entregado
T000842,C00196,P0120,2026-06-18,1,58730.99,58730.99,0,0.0,0.0,58730.99,Tarjeta de crédito,Entregado
T000843,C00196,P0024,2026-07-04,1,102000.99,102000.99,0,0.0,0.0,102000.99,Mercado Pago,Entregado
T000844,C00196,P0097,2026-08-10,2,118090.99,236181.98,0,0.0,0.0,236181.98,Mercado Pago,Entregado
T000845,C00197,P0041,2026-05-02,1,34130.99,34130.99,0,0.0,0.0,34130.99,Tarjeta de crédito,En camino
T000846,C00197,P0051,2026-04-01,2,22610.99,45221.98,5,2261.1,0.0,42960.88,Transferencia bancaria,Entregado
T000847,C00197,P0043,2026-04-30,1,35310.99,35310.99,0,0.0,0.0,35310.99,Tarjeta de crédito,Entregado
T000848,C00197,P0120,2025-11-05,1,58730.99,58730.99,15,8809.65,0.0,49921.34,Tarjeta de débito,Entregado
T000849,C00197,P0176,2025-06-08,1,81010.99,81010.99,10,8101.1,0.0,72909.89,Efectivo (contra entrega),Entregado
T000850,C00197,P0175,2025-10-04,1,30670.99,30670.99,0,0.0,0.0,30670.99,Efectivo (contra entrega),Entregado
T000851,C00197,P0074,2025-09-07,1,73660.99,73660.99,10,7366.1,0.0,66294.89,Efectivo (contra entrega),Entregado
T000852,C00197,P0024,2025-07-23,2,102000.99,204001.98,0,0.0,0.0,204001.98,Efectivo (contra entrega),Entregado
T000853,C00198,P0124,2024-08-21,1,55570.99,55570.99,0,0.0,0.0,55570.99,Efectivo (contra entrega),Entregado
T000854,C00198,P0022,2024-06-03,1,86110.99,86110.99,0,0.0,0.0,86110.99,Tarjeta de crédito,Cancelado
T000855,C00199,P0117,2026-07-05,1,122170.99,122170.99,0,0.0,0.0,122170.99,Tarjeta de crédito,Entregado
T000856,C00199,P0001,2026-04-26,1,22660.99,22660.99,0,0.0,3868.25,26529.24,Efectivo (contra entrega),Entregado
T000857,C00199,P0071,2025-12-06,1,14390.99,14390.99,0,0.0,2566.17,16957.16,Efectivo (contra entrega),Entregado
T000858,C00199,P0030,2024-12-05,1,42840.99,42840.99,0,0.0,0.0,42840.99,Tarjeta de crédito,En camino
T000859,C00199,P0111,2025-01-03,1,59100.99,59100.99,0,0.0,0.0,59100.99,Mercado Pago,Entregado
T000860,C00200,P0025,2026-04-17,1,22880.99,22880.99,0,0.0,1936.87,24817.86,Efectivo (contra entrega),Entregado
T000861,C00201,P0045,2025-12-28,1,2330.99,2330.99,20,466.2,3053.04,4917.83,Tarjeta de débito,Entregado
T000862,C00201,P0007,2025-09-20,1,16940.99,16940.99,0,0.0,4005.52,20946.51,Transferencia bancaria,En camino
T000863,C00201,P0048,2026-07-27,1,21500.99,21500.99,20,4300.2,3421.66,20622.45,Tarjeta de crédito,Entregado
T000864,C00201,P0098,2026-03-31,1,66450.99,66450.99,5,3322.55,0.0,63128.44,Transferencia bancaria,Entregado
T000865,C00202,P0180,2025-09-14,1,10110.99,10110.99,10,1011.1,3198.29,12298.18,Mercado Pago,Entregado
T000866,C00202,P0078,2025-10-10,1,82230.99,82230.99,0,0.0,0.0,82230.99,Tarjeta de crédito,Entregado
T000867,C00203,P0134,2025-07-29,1,73170.99,73170.99,0,0.0,0.0,73170.99,Tarjeta de débito,Entregado
T000868,C00203,P0082,2026-06-23,1,70870.99,70870.99,0,0.0,0.0,70870.99,Mercado Pago,Entregado
T000869,C00203,P0027,2026-06-05,2,66770.99,133541.98,0,0.0,0.0,133541.98,Tarjeta de crédito,Entregado
T000870,C00203,P0154,2026-06-15,1,30800.99,30800.99,0,0.0,0.0,30800.99,Tarjeta de crédito,Entregado
T000871,C00203,P0070,2026-02-21,1,59790.99,59790.99,0,0.0,0.0,59790.99,Mercado Pago,Entregado
T000872,C00205,P0007,2025-06-26,1,16940.99,16940.99,0,0.0,2156.84,19097.83,Tarjeta de débito,Entregado
T000873,C00205,P0096,2023-02-08,1,32440.99,32440.99,0,0.0,0.0,32440.99,Tarjeta de crédito,Entregado
T000874,C00205,P0015,2023-12-20,1,48920.99,48920.99,0,0.0,0.0,48920.99,Tarjeta de débito,Entregado
T000875,C00205,P0131,2023-10-12,1,17990.99,17990.99,10,1799.1,1832.91,18024.8,Mercado Pago,Cancelado
T000876,C00205,P0095,2026-01-29,1,27440.99,27440.99,0,0.0,2617.05,30058.04,Efectivo (contra entrega),Entregado
T000877,C00205,P0001,2024-06-24,4,22660.99,90643.96,20,18128.79,0.0,72515.17,Tarjeta de crédito,Preparando
T000878,C00208,P0154,2026-06-18,1,30800.99,30800.99,0,0.0,0.0,30800.99,Mercado Pago,Entregado
T000879,C00208,P0081,2026-05-18,1,108380.99,108380.99,20,21676.2,0.0,86704.79,Tarjeta de crédito,Entregado
T000880,C00208,P0015,2026-07-02,2,48920.99,97841.98,0,0.0,0.0,97841.98,Mercado Pago,En camino
T000881,C00208,P0184,2026-05-29,2,11240.99,22481.98,0,0.0,1659.78,24141.76,Tarjeta de débito,En camino
T000882,C00208,P0104,2026-07-20,2,56920.99,113841.98,20,22768.4,0.0,91073.58,Tarjeta de débito,Preparando
T000883,C00208,P0057,2026-05-31,2,2250.99,4501.98,10,450.2,3872.99,7924.77,Tarjeta de débito,Entregado
T000884,C00208,P0046,2026-05-09,1,18770.99,18770.99,10,1877.1,3435.21,20329.1,Transferencia bancaria,Entregado
T000885,C00208,P0171,2026-04-13,1,62510.99,62510.99,0,0.0,0.0,62510.99,Efectivo (contra entrega),Entregado
T000886,C00209,P0059,2024-10-03,1,66790.99,66790.99,20,13358.2,0.0,53432.79,Efectivo (contra entrega),Entregado
T000887,C00209,P0042,2023-10-17,1,80280.99,80280.99,15,12042.15,0.0,68238.84,Tarjeta de crédito,Entregado
T000888,C00210,P0134,2026-06-17,1,73170.99,73170.99,0,0.0,0.0,73170.99,Transferencia bancaria,Preparando
T000889,C00210,P0179,2026-03-16,1,39260.99,39260.99,0,0.0,0.0,39260.99,Tarjeta de débito,Entregado
T000890,C00210,P0174,2026-05-18,3,50040.99,150122.97,0,0.0,0.0,150122.97,Tarjeta de débito,Entregado
T000891,C00212,P0094,2026-01-27,1,27390.99,27390.99,0,0.0,3251.89,30642.88,Efectivo (contra entrega),Entregado
T000892,C00213,P0052,2026-05-06,1,93290.99,93290.99,0,0.0,0.0,93290.99,Transferencia bancaria,Entregado
T000893,C00213,P0033,2025-08-07,1,38270.99,38270.99,0,0.0,0.0,38270.99,Tarjeta de débito,Entregado
T000894,C00213,P0048,2026-02-18,1,21500.99,21500.99,0,0.0,4204.43,25705.42,Efectivo (contra entrega),Entregado
T000895,C00213,P0058,2024-09-01,1,10690.99,10690.99,5,534.55,3857.62,14014.06,Tarjeta de crédito,Cancelado
T000896,C00214,P0137,2026-07-10,1,37150.99,37150.99,0,0.0,0.0,37150.99,Tarjeta de débito,Entregado
T000897,C00214,P0128,2025-06-15,1,68490.99,68490.99,0,0.0,0.0,68490.99,Mercado Pago,Entregado
T000898,C00216,P0160,2024-04-03,1,143890.99,143890.99,0,0.0,0.0,143890.99,Efectivo (contra entrega),En camino
T000899,C00216,P0126,2025-05-14,3,29260.99,87782.97,0,0.0,0.0,87782.97,Mercado Pago,Entregado
T000900,C00216,P0114,2026-06-25,2,17660.99,35321.98,0,0.0,0.0,35321.98,Efectivo (contra entrega),Entregado
T000901,C00216,P0148,2023-12-17,2,86710.99,173421.98,0,0.0,0.0,173421.98,Tarjeta de débito,Entregado
T000902,C00216,P0069,2024-12-06,2,26180.99,52361.98,0,0.0,0.0,52361.98,Tarjeta de débito,Entregado
T000903,C00216,P0082,2026-01-08,1,70870.99,70870.99,0,0.0,0.0,70870.99,Transferencia bancaria,En camino
T000904,C00216,P0055,2024-10-22,2,90690.99,181381.98,0,0.0,0.0,181381.98,Mercado Pago,En camino
T000905,C00217,P0089,2024-11-02,1,70110.99,70110.99,10,7011.1,0.0,63099.89,Tarjeta de débito,Entregado
T000906,C00217,P0149,2025-12-22,1,91760.99,91760.99,10,9176.1,0.0,82584.89,Tarjeta de débito,Entregado
T000907,C00217,P0138,2024-01-17,1,3100.99,3100.99,0,0.0,4330.06,7431.05,Mercado Pago,Entregado
T000908,C00217,P0169,2024-01-03,1,116550.99,116550.99,0,0.0,0.0,116550.99,Transferencia bancaria,Entregado
T000909,C00217,P0129,2024-06-13,2,121150.99,242301.98,5,12115.1,0.0,230186.88,Efectivo (contra entrega),Entregado
T000910,C00217,P0137,2025-05-05,1,37150.99,37150.99,10,3715.1,0.0,33435.89,Tarjeta de débito,Cancelado
T000911,C00217,P0128,2026-07-30,4,68490.99,273963.96,20,54792.79,0.0,219171.17,Efectivo (contra entrega),Entregado
T000912,C00217,P0063,2026-03-04,3,64680.99,194042.97,0,0.0,0.0,194042.97,Transferencia bancaria,Entregado
T000913,C00218,P0183,2025-11-30,3,28350.99,85052.97,0,0.0,0.0,85052.97,Transferencia bancaria,Entregado
T000914,C00218,P0103,2026-04-16,1,23150.99,23150.99,0,0.0,2854.61,26005.6,Tarjeta de crédito,Preparando
T000915,C00218,P0172,2025-10-17,1,24980.99,24980.99,5,1249.05,2032.91,25764.85,Efectivo (contra entrega),En camino
T000916,C00219,P0058,2023-08-02,1,10690.99,10690.99,0,0.0,4234.04,14925.03,Tarjeta de débito,Entregado
T000917,C00220,P0045,2026-01-31,1,2330.99,2330.99,0,0.0,2863.99,5194.98,Tarjeta de crédito,Entregado
T000918,C00220,P0071,2026-02-13,1,14390.99,14390.99,10,1439.1,2732.58,15684.47,Tarjeta de crédito,Entregado
T000919,C00220,P0181,2026-03-28,1,14430.99,14430.99,0,0.0,3729.43,18160.42,Tarjeta de débito,Entregado
T000920,C00223,P0086,2025-03-30,1,17970.99,17970.99,5,898.55,2924.34,19996.78,Mercado Pago,Entregado
T000921,C00223,P0011,2024-10-24,1,26210.99,26210.99,0,0.0,3554.51,29765.5,Tarjeta de crédito,Entregado
T000922,C00223,P0001,2026-05-02,4,22660.99,90643.96,0,0.0,0.0,90643.96,Efectivo (contra entrega),En camino
T000923,C00223,P0120,2026-03-03,2,58730.99,117461.98,0,0.0,0.0,117461.98,Transferencia bancaria,Preparando
T000924,C00224,P0006,2025-12-09,1,104670.99,104670.99,0,0.0,0.0,104670.99,Transferencia bancaria,Entregado
T000925,C00224,P0044,2025-11-26,1,73620.99,73620.99,10,7362.1,0.0,66258.89,Transferencia bancaria,En camino
T000926,C00224,P0075,2026-04-26,1,51680.99,51680.99,10,5168.1,0.0,46512.89,Tarjeta de débito,Entregado
T000927,C00224,P0029,2025-03-31,1,42890.99,42890.99,5,2144.55,0.0,40746.44,Transferencia bancaria,Entregado
T000928,C00224,P0115,2025-08-04,3,39000.99,117002.97,0,0.0,0.0,117002.97,Transferencia bancaria,Entregado
T000929,C00225,P0136,2025-04-03,3,47130.99,141392.97,0,0.0,0.0,141392.97,Mercado Pago,Preparando
T000930,C00225,P0074,2026-02-07,2,73660.99,147321.98,0,0.0,0.0,147321.98,Tarjeta de crédito,Entregado
T000931,C00226,P0051,2026-04-20,2,22610.99,45221.98,15,6783.3,0.0,38438.68,Transferencia bancaria,Preparando
T000932,C00226,P0069,2025-08-21,4,26180.99,104723.96,0,0.0,0.0,104723.96,Tarjeta de crédito,Cancelado
T000933,C00226,P0186,2026-05-13,2,100370.99,200741.98,0,0.0,0.0,200741.98,Transferencia bancaria,Entregado
T000934,C00226,P0049,2026-06-05,1,113080.99,113080.99,0,0.0,0.0,113080.99,Transferencia bancaria,Entregado
T000935,C00226,P0069,2025-12-26,1,26180.99,26180.99,5,1309.05,3526.87,28398.81,Mercado Pago,Entregado
T000936,C00226,P0129,2026-01-04,2,121150.99,242301.98,10,24230.2,0.0,218071.78,Tarjeta de crédito,Entregado
T000937,C00226,P0039,2026-06-07,1,44450.99,44450.99,5,2222.55,0.0,42228.44,Transferencia bancaria,Entregado
T000938,C00227,P0129,2026-04-25,1,121150.99,121150.99,0,0.0,0.0,121150.99,Transferencia bancaria,Entregado
T000939,C00227,P0019,2026-04-12,1,143070.99,143070.99,10,14307.1,0.0,128763.89,Tarjeta de débito,En camino
T000940,C00227,P0087,2024-05-12,2,92990.99,185981.98,5,9299.1,0.0,176682.88,Tarjeta de crédito,Entregado
T000941,C00227,P0115,2025-05-29,1,39000.99,39000.99,0,0.0,0.0,39000.99,Tarjeta de crédito,Entregado
T000942,C00227,P0027,2025-11-22,1,66770.99,66770.99,0,0.0,0.0,66770.99,Tarjeta de débito,Entregado
T000943,C00227,P0045,2025-12-18,2,2330.99,4661.98,15,699.3,3096.9,7059.58,Tarjeta de crédito,Entregado
T000944,C00227,P0132,2024-03-22,2,34240.99,68481.98,10,6848.2,0.0,61633.78,Tarjeta de crédito,Entregado
T000945,C00227,P0179,2025-12-27,1,39260.99,39260.99,0,0.0,0.0,39260.99,Tarjeta de crédito,Entregado
T000946,C00227,P0064,2025-07-01,1,71270.99,71270.99,0,0.0,0.0,71270.99,Tarjeta de débito,Entregado
T000947,C00227,P0141,2026-06-02,1,10330.99,10330.99,0,0.0,1774.16,12105.15,Tarjeta de crédito,Entregado
T000948,C00227,P0156,2024-05-29,1,23880.99,23880.99,0,0.0,3506.85,27387.84,Tarjeta de crédito,Entregado
T000949,C00227,P0172,2025-08-11,2,24980.99,49961.98,10,4996.2,0.0,44965.78,Tarjeta de débito,Entregado
T000950,C00227,P0015,2025-02-16,1,48920.99,48920.99,0,0.0,0.0,48920.99,Mercado Pago,En camino
T000951,C00228,P0020,2026-07-01,1,125770.99,125770.99,5,6288.55,0.0,119482.44,Transferencia bancaria,Cancelado
T000952,C00228,P0039,2026-07-08,3,44450.99,133352.97,0,0.0,0.0,133352.97,Mercado Pago,Entregado
T000953,C00229,P0092,2026-04-09,1,67840.99,67840.99,0,0.0,0.0,67840.99,Transferencia bancaria,Entregado
T000954,C00229,P0056,2025-09-08,1,72090.99,72090.99,0,0.0,0.0,72090.99,Mercado Pago,Entregado
T000955,C00229,P0044,2026-03-15,1,73620.99,73620.99,0,0.0,0.0,73620.99,Tarjeta de débito,Entregado
T000956,C00229,P0009,2025-06-28,1,76570.99,76570.99,10,7657.1,0.0,68913.89,Tarjeta de crédito,Entregado
T000957,C00229,P0153,2025-09-28,2,80540.99,161081.98,10,16108.2,0.0,144973.78,Efectivo (contra entrega),Cancelado
T000958,C00229,P0097,2025-02-28,1,118090.99,118090.99,20,23618.2,0.0,94472.79,Transferencia bancaria,Entregado
T000959,C00229,P0149,2026-07-26,1,91760.99,91760.99,20,18352.2,0.0,73408.79,Mercado Pago,Entregado
T000960,C00229,P0102,2025-12-06,1,100820.99,100820.99,10,10082.1,0.0,90738.89,Transferencia bancaria,Entregado
T000961,C00229,P0045,2025-08-11,1,2330.99,2330.99,0,0.0,4236.31,6567.3,Efectivo (contra entrega),Entregado
T000962,C00229,P0148,2025-09-11,1,86710.99,86710.99,0,0.0,0.0,86710.99,Tarjeta de crédito,Entregado
T000963,C00229,P0100,2025-05-12,1,19570.99,19570.99,5,978.55,4190.34,22782.78,Transferencia bancaria,Entregado
T000964,C00231,P0033,2024-12-30,1,38270.99,38270.99,0,0.0,0.0,38270.99,Tarjeta de débito,Entregado
T000965,C00231,P0185,2024-08-24,1,120880.99,120880.99,0,0.0,0.0,120880.99,Efectivo (contra entrega),Entregado
T000966,C00231,P0070,2024-08-30,4,59790.99,239163.96,0,0.0,0.0,239163.96,Tarjeta de débito,Preparando
T000967,C00231,P0055,2025-10-21,1,90690.99,90690.99,5,4534.55,0.0,86156.44,Efectivo (contra entrega),Entregado
T000968,C00231,P0075,2025-04-09,2,51680.99,103361.98,0,0.0,0.0,103361.98,Tarjeta de crédito,En camino
T000969,C00231,P0058,2024-12-06,1,10690.99,10690.99,5,534.55,2528.19,12684.63,Tarjeta de crédito,Entregado
T000970,C00232,P0180,2026-08-06,4,10110.99,40443.96,10,4044.4,0.0,36399.56,Tarjeta de débito,Entregado
T000971,C00232,P0013,2025-10-30,1,33690.99,33690.99,0,0.0,0.0,33690.99,Transferencia bancaria,Entregado
T000972,C00232,P0177,2026-06-23,1,26110.99,26110.99,0,0.0,2974.93,29085.92,Tarjeta de crédito,Cancelado
T000973,C00232,P0088,2025-12-06,1,32190.99,32190.99,0,0.0,0.0,32190.99,Tarjeta de crédito,Entregado
T000974,C00232,P0180,2025-10-16,1,10110.99,10110.99,0,0.0,3885.7,13996.69,Efectivo (contra entrega),Entregado
T000975,C00232,P0073,2025-01-12,1,118250.99,118250.99,5,5912.55,0.0,112338.44,Tarjeta de débito,Entregado
T000976,C00232,P0078,2025-05-24,1,82230.99,82230.99,0,0.0,0.0,82230.99,Mercado Pago,Entregado
T000977,C00233,P0011,2026-03-04,1,26210.99,26210.99,5,1310.55,2315.58,27216.02,Tarjeta de crédito,En camino
T000978,C00233,P0106,2026-07-06,3,12090.99,36272.97,0,0.0,0.0,36272.97,Transferencia bancaria,Entregado
T000979,C00234,P0182,2025-04-10,1,118780.99,118780.99,5,5939.05,0.0,112841.94,Tarjeta de débito,Entregado
T000980,C00235,P0105,2025-09-15,2,8040.99,16081.98,0,0.0,2644.26,18726.24,Mercado Pago,En camino
T000981,C00236,P0038,2026-04-29,1,69100.99,69100.99,0,0.0,0.0,69100.99,Transferencia bancaria,Entregado
T000982,C00236,P0075,2026-05-23,1,51680.99,51680.99,0,0.0,0.0,51680.99,Efectivo (contra entrega),Entregado
T000983,C00237,P0132,2026-04-19,1,34240.99,34240.99,0,0.0,0.0,34240.99,Tarjeta de débito,Entregado
T000984,C00238,P0008,2025-09-03,1,44030.99,44030.99,10,4403.1,0.0,39627.89,Mercado Pago,Entregado
T000985,C00238,P0142,2024-04-11,1,80160.99,80160.99,15,12024.15,0.0,68136.84,Mercado Pago,Cancelado
T000986,C00238,P0049,2025-06-30,1,113080.99,113080.99,0,0.0,0.0,113080.99,Tarjeta de crédito,Cancelado
T000987,C00238,P0037,2024-08-05,1,4430.99,4430.99,0,0.0,4264.81,8695.8,Efectivo (contra entrega),Entregado
T000988,C00238,P0080,2026-06-21,1,16720.99,16720.99,10,1672.1,4371.29,19420.18,Mercado Pago,Entregado
T000989,C00238,P0100,2025-07-31,1,19570.99,19570.99,0,0.0,3565.47,23136.46,Transferencia bancaria,Entregado
T000990,C00238,P0142,2024-04-12,3,80160.99,240482.97,5,12024.15,0.0,228458.82,Tarjeta de crédito,Entregado
T000991,C00238,P0001,2025-02-03,3,22660.99,67982.97,0,0.0,0.0,67982.97,Tarjeta de crédito,Entregado
T000992,C00238,P0048,2026-03-16,1,21500.99,21500.99,5,1075.05,2283.99,22709.93,Tarjeta de débito,Entregado
T000993,C00239,P0154,2025-11-28,1,30800.99,30800.99,0,0.0,0.0,30800.99,Tarjeta de débito,Entregado
T000994,C00239,P0038,2026-05-19,1,69100.99,69100.99,10,6910.1,0.0,62190.89,Transferencia bancaria,Entregado
T000995,C00239,P0082,2026-04-06,1,70870.99,70870.99,0,0.0,0.0,70870.99,Efectivo (contra entrega),Preparando
T000996,C00239,P0057,2025-03-21,3,2250.99,6752.97,15,1012.95,1997.47,7737.49,Mercado Pago,Entregado
T000997,C00239,P0115,2025-11-12,1,39000.99,39000.99,0,0.0,0.0,39000.99,Efectivo (contra entrega),Preparando
T000998,C00239,P0047,2025-09-29,1,14020.99,14020.99,0,0.0,4129.2,18150.19,Tarjeta de crédito,Entregado
T000999,C00239,P0145,2026-03-26,1,60290.99,60290.99,0,0.0,0.0,60290.99,Tarjeta de débito,En camino
T001000,C00239,P0160,2026-05-16,1,143890.99,143890.99,0,0.0,0.0,143890.99,Mercado Pago,Entregado
T001001,C00239,P0172,2025-03-09,1,24980.99,24980.99,0,0.0,2975.17,27956.16,Transferencia bancaria,Entregado
T001002,C00239,P0076,2026-02-26,1,80370.99,80370.99,5,4018.55,0.0,76352.44,Tarjeta de débito,Entregado
T001003,C00240,P0024,2025-04-14,1,102000.99,102000.99,5,5100.05,0.0,96900.94,Tarjeta de débito,Entregado
T001004,C00240,P0001,2026-03-11,1,22660.99,22660.99,0,0.0,3201.28,25862.27,Tarjeta de débito,Entregado
T001005,C00240,P0013,2024-03-09,1,33690.99,33690.99,0,0.0,0.0,33690.99,Mercado Pago,Entregado
T001006,C00241,P0016,2024-02-03,1,82230.99,82230.99,5,4111.55,0.0,78119.44,Tarjeta de débito,Entregado
T001007,C00241,P0143,2025-03-21,1,78310.99,78310.99,0,0.0,0.0,78310.99,Tarjeta de crédito,Entregado
T001008,C00241,P0153,2024-12-25,1,80540.99,80540.99,0,0.0,0.0,80540.99,Tarjeta de crédito,Entregado
T001009,C00241,P0056,2025-01-07,1,72090.99,72090.99,0,0.0,0.0,72090.99,Efectivo (contra entrega),Cancelado
T001010,C00241,P0009,2026-06-27,2,76570.99,153141.98,0,0.0,0.0,153141.98,Tarjeta de crédito,Entregado
T001011,C00241,P0090,2024-03-05,1,83690.99,83690.99,0,0.0,0.0,83690.99,Mercado Pago,Cancelado
T001012,C00241,P0128,2024-11-23,3,68490.99,205472.97,0,0.0,0.0,205472.97,Transferencia bancaria,Entregado
T001013,C00241,P0037,2024-12-19,1,4430.99,4430.99,5,221.55,2529.23,6738.67,Tarjeta de débito,Entregado
T001014,C00242,P0019,2025-10-17,1,143070.99,143070.99,0,0.0,0.0,143070.99,Mercado Pago,Entregado
T001015,C00242,P0090,2026-02-19,2,83690.99,167381.98,10,16738.2,0.0,150643.78,Transferencia bancaria,Entregado
T001016,C00242,P0051,2026-02-15,2,22610.99,45221.98,15,6783.3,0.0,38438.68,Efectivo (contra entrega),Entregado
T001017,C00242,P0047,2026-06-21,1,14020.99,14020.99,0,0.0,4353.19,18374.18,Tarjeta de débito,Entregado
T001018,C00243,P0147,2025-09-02,1,92490.99,92490.99,5,4624.55,0.0,87866.44,Efectivo (contra entrega),Preparando
T001019,C00243,P0111,2025-02-05,1,59100.99,59100.99,0,0.0,0.0,59100.99,Mercado Pago,Cancelado
T001020,C00243,P0175,2025-03-07,1,30670.99,30670.99,0,0.0,0.0,30670.99,Mercado Pago,Entregado
T001021,C00243,P0160,2024-12-29,1,143890.99,143890.99,0,0.0,0.0,143890.99,Efectivo (contra entrega),Entregado
T001022,C00245,P0102,2026-03-15,1,100820.99,100820.99,15,15123.15,0.0,85697.84,Tarjeta de crédito,Cancelado
T001023,C00245,P0049,2025-11-09,2,113080.99,226161.98,0,0.0,0.0,226161.98,Tarjeta de débito,Entregado
T001024,C00245,P0061,2025-12-03,2,29560.99,59121.98,15,8868.3,0.0,50253.68,Efectivo (contra entrega),En camino
T001025,C00245,P0114,2026-07-03,1,17660.99,17660.99,0,0.0,1761.27,19422.26,Efectivo (contra entrega),En camino
T001026,C00246,P0003,2023-10-31,1,95520.99,95520.99,15,14328.15,0.0,81192.84,Transferencia bancaria,Cancelado
T001027,C00247,P0038,2026-06-28,1,69100.99,69100.99,0,0.0,0.0,69100.99,Tarjeta de crédito,Entregado
T001028,C00247,P0098,2026-01-22,1,66450.99,66450.99,20,13290.2,0.0,53160.79,Mercado Pago,Entregado
T001029,C00248,P0045,2026-01-15,2,2330.99,4661.98,0,0.0,2272.89,6934.87,Tarjeta de crédito,Entregado
T001030,C00248,P0012,2025-11-19,1,113560.99,113560.99,15,17034.15,0.0,96526.84,Transferencia bancaria,Entregado
T001031,C00248,P0186,2025-04-16,1,100370.99,100370.99,5,5018.55,0.0,95352.44,Efectivo (contra entrega),Preparando
T001032,C00248,P0164,2026-06-04,2,32940.99,65881.98,5,3294.1,0.0,62587.88,Transferencia bancaria,Entregado
T001033,C00248,P0005,2025-09-20,3,15670.99,47012.97,5,2350.65,0.0,44662.32,Efectivo (contra entrega),Entregado
T001034,C00249,P0165,2023-10-12,1,8750.99,8750.99,0,0.0,2277.28,11028.27,Tarjeta de crédito,Entregado
T001035,C00249,P0022,2024-02-02,1,86110.99,86110.99,5,4305.55,0.0,81805.44,Tarjeta de crédito,Cancelado
T001036,C00249,P0127,2026-08-09,1,53930.99,53930.99,0,0.0,0.0,53930.99,Transferencia bancaria,Entregado
T001037,C00249,P0157,2025-10-25,1,2850.99,2850.99,0,0.0,1685.65,4536.64,Transferencia bancaria,Entregado
T001038,C00249,P0146,2026-04-10,4,77950.99,311803.96,0,0.0,0.0,311803.96,Tarjeta de débito,Entregado
T001039,C00249,P0028,2024-07-12,1,49350.99,49350.99,5,2467.55,0.0,46883.44,Transferencia bancaria,Entregado
T001040,C00249,P0007,2024-09-04,1,16940.99,16940.99,10,1694.1,2447.78,17694.67,Mercado Pago,En camino
T001041,C00249,P0030,2026-04-20,2,42840.99,85681.98,0,0.0,0.0,85681.98,Efectivo (contra entrega),Entregado
T001042,C00250,P0159,2025-01-27,1,108820.99,108820.99,5,5441.05,0.0,103379.94,Tarjeta de crédito,En camino
T001043,C00251,P0156,2024-07-22,1,23880.99,23880.99,0,0.0,3565.8,27446.79,Efectivo (contra entrega),Entregado
T001044,C00251,P0168,2024-11-11,1,20280.99,20280.99,10,2028.1,2985.08,21237.97,Transferencia bancaria,Entregado
T001045,C00252,P0090,2025-06-23,4,83690.99,334763.96,0,0.0,0.0,334763.96,Tarjeta de débito,En camino
T001046,C00252,P0069,2025-11-26,2,26180.99,52361.98,15,7854.3,0.0,44507.68,Tarjeta de crédito,Entregado
T001047,C00252,P0016,2026-06-11,3,82230.99,246692.97,10,24669.3,0.0,222023.67,Transferencia bancaria,En camino
T001048,C00252,P0058,2024-05-05,1,10690.99,10690.99,10,1069.1,4237.13,13859.02,Tarjeta de crédito,Entregado
T001049,C00252,P0063,2025-03-09,1,64680.99,64680.99,0,0.0,0.0,64680.99,Mercado Pago,Entregado
T001050,C00252,P0044,2024-09-15,2,73620.99,147241.98,0,0.0,0.0,147241.98,Mercado Pago,Entregado
T001051,C00253,P0127,2023-12-13,1,53930.99,53930.99,0,0.0,0.0,53930.99,Transferencia bancaria,En camino
T001052,C00253,P0090,2024-05-09,1,83690.99,83690.99,0,0.0,0.0,83690.99,Tarjeta de crédito,En camino
T001053,C00253,P0140,2025-10-05,2,116180.99,232361.98,5,11618.1,0.0,220743.88,Tarjeta de débito,Entregado
T001054,C00253,P0073,2026-08-09,1,118250.99,118250.99,0,0.0,0.0,118250.99,Tarjeta de débito,Entregado
T001055,C00255,P0096,2026-05-10,2,32440.99,64881.98,0,0.0,0.0,64881.98,Mercado Pago,Entregado
T001056,C00255,P0069,2023-08-05,2,26180.99,52361.98,0,0.0,0.0,52361.98,Tarjeta de débito,Entregado
T001057,C00255,P0046,2025-08-02,1,18770.99,18770.99,20,3754.2,3538.34,18555.13,Tarjeta de crédito,Entregado
T001058,C00256,P0163,2025-04-18,1,64460.99,64460.99,0,0.0,0.0,64460.99,Tarjeta de crédito,Cancelado
T001059,C00256,P0161,2024-11-25,4,92880.99,371523.96,5,18576.2,0.0,352947.76,Tarjeta de débito,Entregado
T001060,C00257,P0038,2025-10-04,2,69100.99,138201.98,0,0.0,0.0,138201.98,Transferencia bancaria,Entregado
T001061,C00257,P0036,2026-01-23,1,6740.99,6740.99,5,337.05,4363.67,10767.61,Transferencia bancaria,Entregado
T001062,C00257,P0015,2026-08-11,2,48920.99,97841.98,20,19568.4,0.0,78273.58,Tarjeta de crédito,Entregado
T001063,C00257,P0178,2025-07-30,2,82810.99,165621.98,10,16562.2,0.0,149059.78,Mercado Pago,Entregado
T001064,C00257,P0132,2026-04-21,1,34240.99,34240.99,0,0.0,0.0,34240.99,Tarjeta de crédito,Entregado
T001065,C00257,P0180,2025-10-12,1,10110.99,10110.99,0,0.0,3506.38,13617.37,Tarjeta de crédito,Entregado
T001066,C00257,P0075,2025-09-01,1,51680.99,51680.99,20,10336.2,0.0,41344.79,Tarjeta de crédito,Entregado
T001067,C00258,P0062,2024-08-28,1,80150.99,80150.99,0,0.0,0.0,80150.99,Transferencia bancaria,Cancelado
T001068,C00258,P0024,2023-05-06,1,102000.99,102000.99,0,0.0,0.0,102000.99,Efectivo (contra entrega),Entregado
T001069,C00258,P0086,2025-04-05,1,17970.99,17970.99,10,1797.1,1559.24,17733.13,Efectivo (contra entrega),Entregado
T001070,C00258,P0147,2025-02-24,2,92490.99,184981.98,0,0.0,0.0,184981.98,Efectivo (contra entrega),Entregado
T001071,C00258,P0011,2023-03-30,1,26210.99,26210.99,10,2621.1,3455.1,27044.99,Tarjeta de débito,Entregado
T001072,C00258,P0157,2025-04-20,3,2850.99,8552.97,15,1282.95,2041.99,9312.01,Tarjeta de débito,Entregado
T001073,C00258,P0088,2026-03-12,1,32190.99,32190.99,0,0.0,0.0,32190.99,Tarjeta de crédito,Entregado
T001074,C00258,P0166,2024-03-31,1,11070.99,11070.99,0,0.0,1983.63,13054.62,Tarjeta de crédito,Entregado
T001075,C00259,P0114,2026-06-21,4,17660.99,70643.96,0,0.0,0.0,70643.96,Efectivo (contra entrega),Entregado
T001076,C00259,P0028,2026-07-01,1,49350.99,49350.99,20,9870.2,0.0,39480.79,Tarjeta de débito,Entregado
T001077,C00260,P0116,2026-03-28,1,25880.99,25880.99,15,3882.15,4213.86,26212.7,Efectivo (contra entrega),Entregado
T001078,C00261,P0081,2026-08-06,1,108380.99,108380.99,0,0.0,0.0,108380.99,Mercado Pago,Entregado
T001079,C00261,P0049,2026-06-23,1,113080.99,113080.99,0,0.0,0.0,113080.99,Tarjeta de crédito,Entregado
T001080,C00261,P0078,2026-07-20,1,82230.99,82230.99,0,0.0,0.0,82230.99,Tarjeta de débito,Entregado
T001081,C00261,P0114,2026-06-18,3,17660.99,52982.97,5,2649.15,0.0,50333.82,Mercado Pago,Entregado
T001082,C00261,P0181,2026-07-24,1,14430.99,14430.99,5,721.55,2766.05,16475.49,Mercado Pago,Entregado
T001083,C00262,P0012,2026-07-22,1,113560.99,113560.99,0,0.0,0.0,113560.99,Mercado Pago,Entregado
T001084,C00262,P0084,2026-03-19,1,106390.99,106390.99,15,15958.65,0.0,90432.34,Tarjeta de débito,Entregado
T001085,C00262,P0178,2026-04-15,1,82810.99,82810.99,5,4140.55,0.0,78670.44,Tarjeta de débito,Cancelado
T001086,C00262,P0128,2025-11-19,2,68490.99,136981.98,0,0.0,0.0,136981.98,Efectivo (contra entrega),Entregado
T001087,C00262,P0037,2026-03-30,1,4430.99,4430.99,0,0.0,1960.47,6391.46,Transferencia bancaria,Cancelado
T001088,C00264,P0144,2023-11-04,1,136210.99,136210.99,0,0.0,0.0,136210.99,Efectivo (contra entrega),Entregado
T001089,C00264,P0060,2024-03-11,1,64800.99,64800.99,0,0.0,0.0,64800.99,Mercado Pago,Entregado
T001090,C00265,P0182,2025-10-23,1,118780.99,118780.99,10,11878.1,0.0,106902.89,Tarjeta de crédito,Entregado
T001091,C00265,P0028,2026-03-10,1,49350.99,49350.99,20,9870.2,0.0,39480.79,Tarjeta de crédito,Entregado
T001092,C00265,P0005,2025-10-05,2,15670.99,31341.98,0,0.0,0.0,31341.98,Mercado Pago,Entregado
T001093,C00265,P0134,2026-02-23,1,73170.99,73170.99,10,7317.1,0.0,65853.89,Mercado Pago,Entregado
T001094,C00265,P0055,2026-04-08,2,90690.99,181381.98,10,18138.2,0.0,163243.78,Efectivo (contra entrega),Entregado
T001095,C00265,P0084,2026-01-05,1,106390.99,106390.99,0,0.0,0.0,106390.99,Transferencia bancaria,Entregado
T001096,C00265,P0039,2026-03-15,1,44450.99,44450.99,10,4445.1,0.0,40005.89,Efectivo (contra entrega),Entregado
T001097,C00265,P0039,2026-06-22,1,44450.99,44450.99,15,6667.65,0.0,37783.34,Efectivo (contra entrega),Entregado
T001098,C00266,P0029,2025-08-19,1,42890.99,42890.99,5,2144.55,0.0,40746.44,Tarjeta de débito,Entregado
T001099,C00266,P0026,2026-07-14,1,71960.99,71960.99,0,0.0,0.0,71960.99,Mercado Pago,Entregado
T001100,C00266,P0069,2025-12-18,2,26180.99,52361.98,0,0.0,0.0,52361.98,Transferencia bancaria,Entregado
T001101,C00267,P0016,2025-11-01,1,82230.99,82230.99,0,0.0,0.0,82230.99,Mercado Pago,Entregado
T001102,C00267,P0125,2026-06-07,1,138210.99,138210.99,0,0.0,0.0,138210.99,Tarjeta de débito,Cancelado
T001103,C00267,P0177,2025-01-03,1,26110.99,26110.99,10,2611.1,4342.36,27842.25,Mercado Pago,Entregado
T001104,C00267,P0141,2024-08-02,2,10330.99,20661.98,5,1033.1,1730.08,21358.96,Tarjeta de crédito,Entregado
T001105,C00267,P0113,2025-01-20,1,45170.99,45170.99,0,0.0,0.0,45170.99,Efectivo (contra entrega),Entregado
T001106,C00267,P0058,2025-01-08,3,10690.99,32072.97,10,3207.3,0.0,28865.67,Transferencia bancaria,Entregado
T001107,C00267,P0050,2026-06-22,1,5120.99,5120.99,15,768.15,1909.29,6262.13,Efectivo (contra entrega),Entregado
T001108,C00267,P0114,2025-10-31,1,17660.99,17660.99,0,0.0,3348.86,21009.85,Tarjeta de crédito,Preparando
T001109,C00268,P0108,2025-11-18,1,106640.99,106640.99,0,0.0,0.0,106640.99,Efectivo (contra entrega),Entregado
T001110,C00268,P0123,2026-03-02,1,57150.99,57150.99,0,0.0,0.0,57150.99,Tarjeta de débito,Entregado
T001111,C00268,P0165,2025-10-04,1,8750.99,8750.99,15,1312.65,3070.55,10508.89,Tarjeta de crédito,Entregado
T001112,C00268,P0137,2025-10-28,1,37150.99,37150.99,0,0.0,0.0,37150.99,Tarjeta de crédito,Entregado
T001113,C00268,P0103,2026-08-04,1,23150.99,23150.99,0,0.0,2619.85,25770.84,Tarjeta de débito,Entregado
T001114,C00268,P0162,2025-11-16,2,60870.99,121741.98,10,12174.2,0.0,109567.78,Mercado Pago,En camino
T001115,C00268,P0124,2026-06-14,1,55570.99,55570.99,0,0.0,0.0,55570.99,Efectivo (contra entrega),Entregado
T001116,C00269,P0048,2024-11-22,1,21500.99,21500.99,0,0.0,4299.33,25800.32,Tarjeta de crédito,Entregado
T001117,C00269,P0032,2025-01-11,3,46630.99,139892.97,15,20983.95,0.0,118909.02,Tarjeta de crédito,En camino
T001118,C00269,P0090,2024-07-10,1,83690.99,83690.99,5,4184.55,0.0,79506.44,Mercado Pago,Entregado
T001119,C00269,P0118,2025-11-23,1,39730.99,39730.99,0,0.0,0.0,39730.99,Transferencia bancaria,Entregado
T001120,C00269,P0134,2024-05-03,1,73170.99,73170.99,0,0.0,0.0,73170.99,Tarjeta de crédito,Entregado
T001121,C00270,P0120,2024-12-21,1,58730.99,58730.99,0,0.0,0.0,58730.99,Transferencia bancaria,Entregado
T001122,C00270,P0076,2026-01-02,1,80370.99,80370.99,10,8037.1,0.0,72333.89,Transferencia bancaria,Entregado
T001123,C00270,P0024,2025-10-27,1,102000.99,102000.99,0,0.0,0.0,102000.99,Tarjeta de débito,Entregado
T001124,C00270,P0032,2024-11-13,1,46630.99,46630.99,0,0.0,0.0,46630.99,Transferencia bancaria,Cancelado
T001125,C00270,P0079,2026-03-07,1,9850.99,9850.99,0,0.0,2801.88,12652.87,Tarjeta de débito,Entregado
T001126,C00270,P0090,2024-10-06,1,83690.99,83690.99,0,0.0,0.0,83690.99,Transferencia bancaria,Entregado
T001127,C00270,P0085,2024-02-13,2,69850.99,139701.98,15,20955.3,0.0,118746.68,Tarjeta de débito,Entregado
T001128,C00270,P0072,2025-07-19,3,60590.99,181772.97,20,36354.59,0.0,145418.38,Tarjeta de crédito,Cancelado
T001129,C00270,P0095,2024-06-26,1,27440.99,27440.99,0,0.0,3899.46,31340.45,Mercado Pago,Entregado
T001130,C00270,P0174,2024-05-10,2,50040.99,100081.98,10,10008.2,0.0,90073.78,Transferencia bancaria,Entregado
T001131,C00270,P0051,2025-08-16,1,22610.99,22610.99,20,4522.2,3878.14,21966.93,Mercado Pago,Entregado
T001132,C00270,P0082,2024-08-28,1,70870.99,70870.99,10,7087.1,0.0,63783.89,Mercado Pago,Entregado
T001133,C00270,P0015,2024-04-17,1,48920.99,48920.99,0,0.0,0.0,48920.99,Transferencia bancaria,Entregado
T001134,C00270,P0112,2025-02-02,1,52410.99,52410.99,0,0.0,0.0,52410.99,Tarjeta de débito,Entregado
T001135,C00271,P0008,2024-12-31,1,44030.99,44030.99,0,0.0,0.0,44030.99,Tarjeta de crédito,Entregado
T001136,C00271,P0058,2025-09-25,2,10690.99,21381.98,20,4276.4,2242.06,19347.64,Tarjeta de débito,En camino
T001137,C00271,P0184,2024-06-12,1,11240.99,11240.99,10,1124.1,1809.19,11926.08,Efectivo (contra entrega),Entregado
T001138,C00271,P0056,2024-01-26,1,72090.99,72090.99,20,14418.2,0.0,57672.79,Tarjeta de débito,Entregado
T001139,C00271,P0070,2026-04-29,1,59790.99,59790.99,0,0.0,0.0,59790.99,Tarjeta de débito,Entregado
T001140,C00271,P0095,2025-08-10,3,27440.99,82322.97,0,0.0,0.0,82322.97,Tarjeta de crédito,Entregado
T001141,C00272,P0154,2025-05-20,1,30800.99,30800.99,0,0.0,0.0,30800.99,Tarjeta de débito,Entregado
T001142,C00272,P0001,2026-06-01,1,22660.99,22660.99,0,0.0,1684.05,24345.04,Tarjeta de crédito,Entregado
T001143,C00272,P0155,2026-05-26,1,108460.99,108460.99,0,0.0,0.0,108460.99,Mercado Pago,Entregado
T001144,C00272,P0081,2026-04-10,2,108380.99,216761.98,0,0.0,0.0,216761.98,Tarjeta de débito,Preparando
T001145,C00272,P0102,2025-08-20,1,100820.99,100820.99,0,0.0,0.0,100820.99,Tarjeta de débito,Entregado
T001146,C00272,P0019,2025-10-02,1,143070.99,143070.99,0,0.0,0.0,143070.99,Transferencia bancaria,Entregado
T001147,C00272,P0014,2026-01-16,1,68510.99,68510.99,15,10276.65,0.0,58234.34,Mercado Pago,Entregado
T001148,C00272,P0117,2026-06-07,1,122170.99,122170.99,5,6108.55,0.0,116062.44,Tarjeta de débito,Entregado
T001149,C00273,P0133,2026-05-19,1,23360.99,23360.99,10,2336.1,3728.8,24753.69,Efectivo (contra entrega),Entregado
T001150,C00273,P0038,2024-03-11,1,69100.99,69100.99,5,3455.05,0.0,65645.94,Transferencia bancaria,Entregado
T001151,C00273,P0169,2024-09-27,1,116550.99,116550.99,0,0.0,0.0,116550.99,Efectivo (contra entrega),Entregado
T001152,C00273,P0127,2026-06-01,1,53930.99,53930.99,0,0.0,0.0,53930.99,Tarjeta de débito,Preparando
T001153,C00273,P0133,2026-08-09,1,23360.99,23360.99,0,0.0,1795.91,25156.9,Efectivo (contra entrega),Cancelado
T001154,C00273,P0073,2024-03-16,1,118250.99,118250.99,5,5912.55,0.0,112338.44,Tarjeta de débito,Cancelado
T001155,C00273,P0115,2024-09-13,1,39000.99,39000.99,0,0.0,0.0,39000.99,Transferencia bancaria,Entregado
T001156,C00273,P0142,2024-03-15,1,80160.99,80160.99,0,0.0,0.0,80160.99,Efectivo (contra entrega),Preparando
T001157,C00273,P0098,2025-05-17,4,66450.99,265803.96,15,39870.59,0.0,225933.37,Tarjeta de crédito,Entregado
T001158,C00273,P0041,2024-08-08,3,34130.99,102392.97,0,0.0,0.0,102392.97,Efectivo (contra entrega),Entregado
T001159,C00273,P0045,2026-05-08,2,2330.99,4661.98,0,0.0,2322.45,6984.43,Mercado Pago,Cancelado
T001160,C00275,P0078,2026-06-16,1,82230.99,82230.99,20,16446.2,0.0,65784.79,Transferencia bancaria,Entregado
T001161,C00275,P0172,2025-09-01,1,24980.99,24980.99,0,0.0,3040.46,28021.45,Transferencia bancaria,Entregado
T001162,C00275,P0069,2024-09-26,2,26180.99,52361.98,0,0.0,0.0,52361.98,Transferencia bancaria,Entregado
T001163,C00275,P0088,2025-03-26,1,32190.99,32190.99,0,0.0,0.0,32190.99,Efectivo (contra entrega),Entregado
T001164,C00275,P0016,2025-12-11,1,82230.99,82230.99,5,4111.55,0.0,78119.44,Efectivo (contra entrega),Preparando
T001165,C00275,P0044,2025-12-07,1,73620.99,73620.99,5,3681.05,0.0,69939.94,Mercado Pago,Entregado
T001166,C00275,P0073,2025-06-21,2,118250.99,236501.98,0,0.0,0.0,236501.98,Tarjeta de crédito,Entregado
T001167,C00275,P0041,2026-08-11,1,34130.99,34130.99,0,0.0,0.0,34130.99,Tarjeta de crédito,Entregado
T001168,C00275,P0098,2026-01-20,1,66450.99,66450.99,15,9967.65,0.0,56483.34,Tarjeta de débito,Entregado
T001169,C00275,P0128,2025-03-26,1,68490.99,68490.99,10,6849.1,0.0,61641.89,Tarjeta de débito,Entregado
T001170,C00275,P0040,2024-10-26,4,8100.99,32403.96,0,0.0,0.0,32403.96,Mercado Pago,Entregado
T001171,C00275,P0141,2025-10-20,1,10330.99,10330.99,20,2066.2,2473.69,10738.48,Efectivo (contra entrega),Cancelado
T001172,C00275,P0087,2024-10-08,1,92990.99,92990.99,0,0.0,0.0,92990.99,Mercado Pago,Preparando
T001173,C00275,P0048,2026-01-29,1,21500.99,21500.99,0,0.0,3947.77,25448.76,Tarjeta de débito,En camino
T001174,C00275,P0024,2025-08-10,2,102000.99,204001.98,0,0.0,0.0,204001.98,Tarjeta de crédito,Entregado
T001175,C00276,P0089,2025-05-07,1,70110.99,70110.99,10,7011.1,0.0,63099.89,Efectivo (contra entrega),Cancelado
T001176,C00276,P0100,2024-11-07,1,19570.99,19570.99,5,978.55,2645.94,21238.38,Efectivo (contra entrega),Entregado
T001177,C00276,P0169,2023-12-11,1,116550.99,116550.99,10,11655.1,0.0,104895.89,Mercado Pago,Entregado
T001178,C00276,P0004,2025-10-22,1,73400.99,73400.99,5,3670.05,0.0,69730.94,Transferencia bancaria,En camino
T001179,C00276,P0110,2025-06-23,1,148390.99,148390.99,0,0.0,0.0,148390.99,Mercado Pago,Entregado
T001180,C00276,P0039,2025-02-22,1,44450.99,44450.99,0,0.0,0.0,44450.99,Transferencia bancaria,Entregado
T001181,C00277,P0065,2026-05-11,2,36490.99,72981.98,0,0.0,0.0,72981.98,Tarjeta de débito,Entregado
T001182,C00277,P0127,2026-06-08,1,53930.99,53930.99,0,0.0,0.0,53930.99,Tarjeta de débito,Entregado
T001183,C00277,P0126,2026-07-04,2,29260.99,58521.98,5,2926.1,0.0,55595.88,Tarjeta de débito,Entregado
T001184,C00278,P0117,2025-09-25,1,122170.99,122170.99,0,0.0,0.0,122170.99,Transferencia bancaria,Entregado
T001185,C00278,P0140,2025-09-17,1,116180.99,116180.99,0,0.0,0.0,116180.99,Tarjeta de crédito,Entregado
T001186,C00279,P0013,2023-09-01,1,33690.99,33690.99,0,0.0,0.0,33690.99,Tarjeta de crédito,Entregado
T001187,C00279,P0066,2026-01-30,2,32260.99,64521.98,5,3226.1,0.0,61295.88,Tarjeta de débito,Entregado
T001188,C00280,P0138,2023-10-30,1,3100.99,3100.99,0,0.0,3382.15,6483.14,Tarjeta de crédito,Entregado
T001189,C00280,P0094,2026-02-10,3,27390.99,82172.97,0,0.0,0.0,82172.97,Mercado Pago,Entregado
T001190,C00280,P0001,2023-12-10,2,22660.99,45321.98,0,0.0,0.0,45321.98,Efectivo (contra entrega),Entregado
T001191,C00280,P0077,2024-12-04,2,80070.99,160141.98,10,16014.2,0.0,144127.78,Transferencia bancaria,Entregado
T001192,C00280,P0176,2025-09-26,1,81010.99,81010.99,0,0.0,0.0,81010.99,Efectivo (contra entrega),Entregado
T001193,C00280,P0099,2024-07-13,1,10460.99,10460.99,10,1046.1,1808.45,11223.34,Efectivo (contra entrega),Entregado
T001194,C00280,P0179,2026-03-09,2,39260.99,78521.98,0,0.0,0.0,78521.98,Tarjeta de débito,Entregado
T001195,C00280,P0036,2024-06-03,1,6740.99,6740.99,0,0.0,1942.13,8683.12,Tarjeta de débito,Entregado
T001196,C00281,P0075,2026-03-16,1,51680.99,51680.99,15,7752.15,0.0,43928.84,Tarjeta de crédito,En camino
T001197,C00281,P0050,2025-08-26,1,5120.99,5120.99,20,1024.2,2173.57,6270.36,Mercado Pago,Cancelado
T001198,C00281,P0180,2025-11-18,1,10110.99,10110.99,5,505.55,1855.05,11460.49,Tarjeta de crédito,Cancelado
T001199,C00281,P0079,2024-09-30,2,9850.99,19701.98,5,985.1,2034.2,20751.08,Efectivo (contra entrega),Entregado
T001200,C00281,P0148,2025-09-12,1,86710.99,86710.99,0,0.0,0.0,86710.99,Mercado Pago,Preparando
T001201,C00281,P0082,2026-05-03,1,70870.99,70870.99,0,0.0,0.0,70870.99,Mercado Pago,Preparando
T001202,C00281,P0015,2026-05-01,3,48920.99,146762.97,5,7338.15,0.0,139424.82,Tarjeta de crédito,Cancelado
T001203,C00283,P0051,2025-09-20,2,22610.99,45221.98,0,0.0,0.0,45221.98,Transferencia bancaria,Entregado
T001204,C00283,P0162,2026-08-08,2,60870.99,121741.98,10,12174.2,0.0,109567.78,Tarjeta de crédito,Entregado
T001205,C00283,P0060,2026-04-26,1,64800.99,64800.99,0,0.0,0.0,64800.99,Tarjeta de débito,Entregado
T001206,C00283,P0001,2025-12-07,1,22660.99,22660.99,20,4532.2,2045.62,20174.41,Mercado Pago,Entregado
T001207,C00283,P0066,2025-07-21,1,32260.99,32260.99,0,0.0,0.0,32260.99,Efectivo (contra entrega),Cancelado
T001208,C00283,P0138,2026-04-03,2,3100.99,6201.98,0,0.0,3906.42,10108.4,Tarjeta de débito,Entregado
T001209,C00283,P0062,2025-12-27,1,80150.99,80150.99,0,0.0,0.0,80150.99,Transferencia bancaria,Entregado
T001210,C00283,P0070,2026-04-05,1,59790.99,59790.99,10,5979.1,0.0,53811.89,Efectivo (contra entrega),Entregado
T001211,C00284,P0032,2025-06-25,1,46630.99,46630.99,10,4663.1,0.0,41967.89,Tarjeta de débito,En camino
T001212,C00285,P0137,2024-12-03,1,37150.99,37150.99,0,0.0,0.0,37150.99,Tarjeta de crédito,Entregado
T001213,C00285,P0164,2026-02-12,1,32940.99,32940.99,0,0.0,0.0,32940.99,Tarjeta de crédito,Entregado
T001214,C00285,P0069,2024-10-29,1,26180.99,26180.99,0,0.0,4046.25,30227.24,Tarjeta de débito,Preparando
T001215,C00285,P0058,2025-01-29,1,10690.99,10690.99,0,0.0,4059.94,14750.93,Transferencia bancaria,Cancelado
T001216,C00285,P0161,2024-11-18,1,92880.99,92880.99,10,9288.1,0.0,83592.89,Tarjeta de débito,Entregado
T001217,C00285,P0066,2024-08-12,1,32260.99,32260.99,5,1613.05,0.0,30647.94,Tarjeta de crédito,Entregado
T001218,C00285,P0061,2025-10-18,1,29560.99,29560.99,0,0.0,1662.25,31223.24,Efectivo (contra entrega),Entregado
T001219,C00287,P0072,2025-10-21,2,60590.99,121181.98,15,18177.3,0.0,103004.68,Mercado Pago,Entregado
T001220,C00287,P0134,2025-01-29,1,73170.99,73170.99,0,0.0,0.0,73170.99,Transferencia bancaria,Entregado
T001221,C00287,P0129,2025-09-01,1,121150.99,121150.99,0,0.0,0.0,121150.99,Efectivo (contra entrega),Entregado
T001222,C00287,P0058,2026-03-16,1,10690.99,10690.99,0,0.0,2734.57,13425.56,Tarjeta de crédito,Entregado
T001223,C00287,P0151,2026-06-18,1,43590.99,43590.99,0,0.0,0.0,43590.99,Tarjeta de crédito,Preparando
T001224,C00288,P0071,2025-10-09,2,14390.99,28781.98,0,0.0,1532.6,30314.58,Transferencia bancaria,En camino
T001225,C00288,P0166,2026-01-29,1,11070.99,11070.99,10,1107.1,4257.45,14221.34,Tarjeta de débito,Entregado
T001226,C00288,P0071,2025-07-14,1,14390.99,14390.99,0,0.0,4419.37,18810.36,Tarjeta de débito,Entregado
T001227,C00288,P0155,2025-12-17,2,108460.99,216921.98,0,0.0,0.0,216921.98,Transferencia bancaria,Entregado
T001228,C00288,P0166,2026-06-01,1,11070.99,11070.99,5,553.55,3177.88,13695.32,Transferencia bancaria,En camino
T001229,C00288,P0127,2025-06-30,1,53930.99,53930.99,5,2696.55,0.0,51234.44,Transferencia bancaria,Entregado
T001230,C00289,P0057,2026-06-11,1,2250.99,2250.99,0,0.0,2772.67,5023.66,Tarjeta de crédito,Entregado
T001231,C00289,P0050,2024-05-05,1,5120.99,5120.99,5,256.05,4039.83,8904.77,Mercado Pago,Entregado
T001232,C00289,P0183,2026-05-31,1,28350.99,28350.99,0,0.0,2135.73,30486.72,Mercado Pago,Entregado
T001233,C00289,P0162,2024-07-30,1,60870.99,60870.99,0,0.0,0.0,60870.99,Tarjeta de débito,Cancelado
T001234,C00289,P0125,2024-05-03,1,138210.99,138210.99,20,27642.2,0.0,110568.79,Efectivo (contra entrega),Entregado
T001235,C00289,P0098,2024-11-30,4,66450.99,265803.96,0,0.0,0.0,265803.96,Tarjeta de crédito,Entregado
T001236,C00289,P0134,2025-09-07,3,73170.99,219512.97,0,0.0,0.0,219512.97,Mercado Pago,Entregado
T001237,C00289,P0006,2024-03-04,3,104670.99,314012.97,0,0.0,0.0,314012.97,Transferencia bancaria,Entregado
T001238,C00290,P0158,2024-01-23,1,48410.99,48410.99,0,0.0,0.0,48410.99,Mercado Pago,Entregado
T001239,C00290,P0092,2023-07-28,1,67840.99,67840.99,5,3392.05,0.0,64448.94,Tarjeta de débito,Entregado
T001240,C00290,P0005,2025-07-03,1,15670.99,15670.99,10,1567.1,2930.86,17034.75,Tarjeta de crédito,Preparando
T001241,C00290,P0182,2024-12-15,1,118780.99,118780.99,0,0.0,0.0,118780.99,Tarjeta de crédito,Entregado
T001242,C00290,P0103,2026-03-28,3,23150.99,69452.97,0,0.0,0.0,69452.97,Tarjeta de débito,Entregado
T001243,C00290,P0068,2026-06-11,2,120640.99,241281.98,0,0.0,0.0,241281.98,Efectivo (contra entrega),Cancelado
T001244,C00290,P0022,2024-06-26,4,86110.99,344443.96,5,17222.2,0.0,327221.76,Mercado Pago,Entregado
T001245,C00291,P0003,2025-09-23,2,95520.99,191041.98,0,0.0,0.0,191041.98,Transferencia bancaria,Entregado
T001246,C00291,P0069,2026-06-16,1,26180.99,26180.99,5,1309.05,3548.62,28420.56,Efectivo (contra entrega),Entregado
T001247,C00291,P0003,2026-03-29,1,95520.99,95520.99,20,19104.2,0.0,76416.79,Transferencia bancaria,Entregado
T001248,C00291,P0103,2025-11-30,1,23150.99,23150.99,0,0.0,3798.95,26949.94,Tarjeta de crédito,Entregado
T001249,C00291,P0082,2025-11-20,1,70870.99,70870.99,0,0.0,0.0,70870.99,Mercado Pago,Entregado
T001250,C00291,P0084,2024-09-12,1,106390.99,106390.99,0,0.0,0.0,106390.99,Tarjeta de crédito,Entregado
T001251,C00291,P0075,2024-11-21,1,51680.99,51680.99,5,2584.05,0.0,49096.94,Transferencia bancaria,Entregado
T001252,C00291,P0096,2024-08-19,4,32440.99,129763.96,10,12976.4,0.0,116787.56,Tarjeta de débito,Entregado
T001253,C00291,P0174,2024-08-11,3,50040.99,150122.97,20,30024.59,0.0,120098.38,Mercado Pago,Entregado
T001254,C00291,P0097,2025-05-29,2,118090.99,236181.98,0,0.0,0.0,236181.98,Tarjeta de débito,En camino
T001255,C00291,P0012,2024-12-26,1,113560.99,113560.99,0,0.0,0.0,113560.99,Mercado Pago,Entregado
T001256,C00291,P0108,2026-02-27,1,106640.99,106640.99,5,5332.05,0.0,101308.94,Mercado Pago,Entregado
T001257,C00291,P0086,2024-08-05,2,17970.99,35941.98,20,7188.4,0.0,28753.58,Tarjeta de crédito,Entregado
T001258,C00292,P0015,2025-03-10,1,48920.99,48920.99,0,0.0,0.0,48920.99,Tarjeta de crédito,Entregado
T001259,C00292,P0182,2026-07-31,1,118780.99,118780.99,0,0.0,0.0,118780.99,Tarjeta de crédito,Entregado
T001260,C00292,P0019,2025-04-18,1,143070.99,143070.99,15,21460.65,0.0,121610.34,Mercado Pago,Entregado
T001261,C00292,P0065,2025-08-14,1,36490.99,36490.99,5,1824.55,0.0,34666.44,Transferencia bancaria,Preparando
T001262,C00292,P0082,2024-12-31,1,70870.99,70870.99,0,0.0,0.0,70870.99,Transferencia bancaria,Entregado
T001263,C00292,P0137,2025-06-20,2,37150.99,74301.98,0,0.0,0.0,74301.98,Mercado Pago,Entregado
T001264,C00292,P0148,2025-06-25,1,86710.99,86710.99,5,4335.55,0.0,82375.44,Transferencia bancaria,Entregado
T001265,C00292,P0090,2026-03-18,1,83690.99,83690.99,0,0.0,0.0,83690.99,Transferencia bancaria,Entregado
T001266,C00292,P0042,2025-10-07,1,80280.99,80280.99,0,0.0,0.0,80280.99,Efectivo (contra entrega),Entregado
T001267,C00293,P0072,2026-03-29,1,60590.99,60590.99,10,6059.1,0.0,54531.89,Transferencia bancaria,En camino
T001268,C00294,P0148,2025-10-05,1,86710.99,86710.99,10,8671.1,0.0,78039.89,Transferencia bancaria,Cancelado
T001269,C00294,P0175,2024-05-08,1,30670.99,30670.99,5,1533.55,0.0,29137.44,Tarjeta de crédito,Entregado
T001270,C00294,P0009,2026-06-24,1,76570.99,76570.99,0,0.0,0.0,76570.99,Transferencia bancaria,Preparando
T001271,C00295,P0184,2025-11-24,1,11240.99,11240.99,5,562.05,2278.34,12957.28,Tarjeta de crédito,En camino
T001272,C00295,P0002,2025-02-25,2,34510.99,69021.98,0,0.0,0.0,69021.98,Mercado Pago,Cancelado
T001273,C00295,P0175,2025-11-13,1,30670.99,30670.99,0,0.0,0.0,30670.99,Transferencia bancaria,Entregado
T001274,C00295,P0056,2026-08-10,1,72090.99,72090.99,10,7209.1,0.0,64881.89,Transferencia bancaria,Cancelado
T001275,C00295,P0050,2025-08-20,1,5120.99,5120.99,5,256.05,2667.41,7532.35,Efectivo (contra entrega),Entregado
T001276,C00295,P0077,2026-01-01,1,80070.99,80070.99,5,4003.55,0.0,76067.44,Tarjeta de débito,Entregado
T001277,C00295,P0038,2026-01-24,1,69100.99,69100.99,20,13820.2,0.0,55280.79,Mercado Pago,Cancelado
T001278,C00295,P0153,2025-05-20,1,80540.99,80540.99,15,12081.15,0.0,68459.84,Transferencia bancaria,Cancelado
T001279,C00295,P0149,2025-06-23,2,91760.99,183521.98,0,0.0,0.0,183521.98,Transferencia bancaria,Cancelado
T001280,C00295,P0095,2026-07-25,1,27440.99,27440.99,5,1372.05,4464.72,30533.66,Tarjeta de débito,Cancelado
T001281,C00295,P0076,2025-11-03,1,80370.99,80370.99,5,4018.55,0.0,76352.44,Tarjeta de crédito,Entregado
T001282,C00295,P0169,2026-03-04,1,116550.99,116550.99,20,23310.2,0.0,93240.79,Efectivo (contra entrega),Entregado
T001283,C00296,P0050,2024-04-04,1,5120.99,5120.99,0,0.0,2544.26,7665.25,Efectivo (contra entrega),Cancelado
T001284,C00296,P0079,2025-01-17,3,9850.99,29552.97,0,0.0,2591.38,32144.35,Mercado Pago,Entregado
T001285,C00296,P0091,2024-01-26,1,27590.99,27590.99,10,2759.1,3597.95,28429.84,Transferencia bancaria,Entregado
T001286,C00296,P0181,2024-02-04,1,14430.99,14430.99,0,0.0,3984.56,18415.55,Mercado Pago,Entregado
T001287,C00296,P0153,2024-03-25,1,80540.99,80540.99,0,0.0,0.0,80540.99,Tarjeta de débito,Entregado
T001288,C00296,P0139,2026-05-13,1,76500.99,76500.99,0,0.0,0.0,76500.99,Mercado Pago,Entregado
T001289,C00296,P0062,2025-01-21,2,80150.99,160301.98,5,8015.1,0.0,152286.88,Mercado Pago,Entregado
T001290,C00296,P0051,2025-06-05,2,22610.99,45221.98,15,6783.3,0.0,38438.68,Tarjeta de crédito,Preparando
T001291,C00299,P0160,2025-07-26,1,143890.99,143890.99,5,7194.55,0.0,136696.44,Transferencia bancaria,Entregado
T001292,C00299,P0055,2025-07-21,2,90690.99,181381.98,5,9069.1,0.0,172312.88,Transferencia bancaria,Entregado
T001293,C00299,P0098,2025-04-06,1,66450.99,66450.99,10,6645.1,0.0,59805.89,Transferencia bancaria,Entregado
T001294,C00299,P0011,2025-09-29,1,26210.99,26210.99,10,2621.1,3154.76,26744.65,Transferencia bancaria,Entregado
T001295,C00299,P0001,2025-12-07,3,22660.99,67982.97,0,0.0,0.0,67982.97,Transferencia bancaria,En camino
T001296,C00299,P0154,2026-06-02,1,30800.99,30800.99,10,3080.1,0.0,27720.89,Transferencia bancaria,Entregado
T001297,C00299,P0163,2025-04-06,1,64460.99,64460.99,0,0.0,0.0,64460.99,Mercado Pago,Entregado
T001298,C00300,P0089,2025-05-10,2,70110.99,140221.98,0,0.0,0.0,140221.98,Transferencia bancaria,En camino
T001299,C00300,P0136,2025-09-18,1,47130.99,47130.99,0,0.0,0.0,47130.99,Tarjeta de crédito,Preparando
T001300,C00300,P0045,2026-06-24,1,2330.99,2330.99,0,0.0,2623.22,4954.21,Efectivo (contra entrega),En camino
T001301,C00300,P0101,2025-06-07,1,85420.99,85420.99,0,0.0,0.0,85420.99,Transferencia bancaria,Entregado
T001302,C00301,P0104,2025-03-22,1,56920.99,56920.99,0,0.0,0.0,56920.99,Transferencia bancaria,Entregado
T001303,C00301,P0087,2024-11-07,2,92990.99,185981.98,10,18598.2,0.0,167383.78,Tarjeta de débito,Entregado
T001304,C00301,P0073,2026-05-11,3,118250.99,354752.97,0,0.0,0.0,354752.97,Transferencia bancaria,Entregado
T001305,C00302,P0023,2023-09-05,1,99980.99,99980.99,0,0.0,0.0,99980.99,Tarjeta de débito,Entregado
T001306,C00302,P0149,2024-04-17,1,91760.99,91760.99,5,4588.05,0.0,87172.94,Mercado Pago,En camino
T001307,C00302,P0174,2023-08-03,2,50040.99,100081.98,0,0.0,0.0,100081.98,Tarjeta de crédito,Entregado
T001308,C00302,P0147,2024-12-23,1,92490.99,92490.99,0,0.0,0.0,92490.99,Efectivo (contra entrega),Entregado
T001309,C00303,P0182,2026-03-29,1,118780.99,118780.99,5,5939.05,0.0,112841.94,Tarjeta de crédito,Cancelado
T001310,C00303,P0043,2025-10-06,1,35310.99,35310.99,0,0.0,0.0,35310.99,Transferencia bancaria,Entregado
T001311,C00303,P0082,2026-01-12,1,70870.99,70870.99,10,7087.1,0.0,63783.89,Tarjeta de débito,Entregado
T001312,C00304,P0111,2026-01-30,1,59100.99,59100.99,10,5910.1,0.0,53190.89,Transferencia bancaria,Entregado
T001313,C00304,P0078,2026-03-20,2,82230.99,164461.98,5,8223.1,0.0,156238.88,Tarjeta de débito,Entregado
T001314,C00304,P0057,2026-04-06,1,2250.99,2250.99,5,112.55,3238.06,5376.5,Transferencia bancaria,Entregado
T001315,C00304,P0129,2025-12-04,3,121150.99,363452.97,0,0.0,0.0,363452.97,Mercado Pago,Entregado
T001316,C00305,P0178,2025-09-09,1,82810.99,82810.99,0,0.0,0.0,82810.99,Tarjeta de débito,Entregado
T001317,C00305,P0175,2026-04-12,1,30670.99,30670.99,0,0.0,0.0,30670.99,Tarjeta de crédito,Entregado
T001318,C00305,P0025,2026-02-16,1,22880.99,22880.99,5,1144.05,2130.89,23867.83,Mercado Pago,Entregado
T001319,C00306,P0177,2025-01-31,2,26110.99,52221.98,0,0.0,0.0,52221.98,Tarjeta de débito,Entregado
T001320,C00306,P0060,2024-11-04,1,64800.99,64800.99,5,3240.05,0.0,61560.94,Tarjeta de crédito,En camino
T001321,C00306,P0076,2023-10-10,4,80370.99,321483.96,20,64296.79,0.0,257187.17,Efectivo (contra entrega),Entregado
T001322,C00306,P0114,2026-05-29,1,17660.99,17660.99,0,0.0,3065.25,20726.24,Tarjeta de crédito,Entregado
T001323,C00306,P0155,2024-05-07,1,108460.99,108460.99,0,0.0,0.0,108460.99,Efectivo (contra entrega),Entregado
T001324,C00306,P0059,2026-06-04,2,66790.99,133581.98,0,0.0,0.0,133581.98,Tarjeta de débito,Entregado
T001325,C00306,P0003,2026-05-26,1,95520.99,95520.99,0,0.0,0.0,95520.99,Tarjeta de débito,Entregado
T001326,C00306,P0006,2023-12-22,1,104670.99,104670.99,0,0.0,0.0,104670.99,Mercado Pago,Cancelado
T001327,C00306,P0159,2024-11-30,2,108820.99,217641.98,5,10882.1,0.0,206759.88,Transferencia bancaria,Entregado
T001328,C00306,P0084,2024-06-14,1,106390.99,106390.99,15,15958.65,0.0,90432.34,Mercado Pago,Cancelado
T001329,C00306,P0086,2025-05-13,1,17970.99,17970.99,5,898.55,4161.94,21234.38,Transferencia bancaria,Entregado
T001330,C00306,P0038,2025-05-30,1,69100.99,69100.99,10,6910.1,0.0,62190.89,Tarjeta de débito,Entregado
T001331,C00306,P0055,2024-02-21,2,90690.99,181381.98,20,36276.4,0.0,145105.58,Transferencia bancaria,Entregado
T001332,C00307,P0079,2023-12-21,1,9850.99,9850.99,0,0.0,2456.25,12307.24,Transferencia bancaria,Entregado
T001333,C00308,P0026,2024-10-01,1,71960.99,71960.99,0,0.0,0.0,71960.99,Tarjeta de crédito,Preparando
T001334,C00308,P0082,2025-07-16,1,70870.99,70870.99,15,10630.65,0.0,60240.34,Mercado Pago,Cancelado
T001335,C00308,P0077,2025-10-23,1,80070.99,80070.99,0,0.0,0.0,80070.99,Efectivo (contra entrega),En camino
T001336,C00308,P0072,2025-05-06,1,60590.99,60590.99,0,0.0,0.0,60590.99,Mercado Pago,Entregado
T001337,C00308,P0084,2026-06-27,1,106390.99,106390.99,0,0.0,0.0,106390.99,Tarjeta de débito,Entregado
T001338,C00309,P0084,2025-06-20,1,106390.99,106390.99,0,0.0,0.0,106390.99,Tarjeta de crédito,Entregado
T001339,C00309,P0186,2024-04-29,1,100370.99,100370.99,0,0.0,0.0,100370.99,Transferencia bancaria,Entregado
T001340,C00311,P0168,2025-12-23,2,20280.99,40561.98,0,0.0,0.0,40561.98,Efectivo (contra entrega),Entregado
T001341,C00313,P0143,2026-03-02,1,78310.99,78310.99,0,0.0,0.0,78310.99,Tarjeta de crédito,Entregado
T001342,C00313,P0003,2024-08-06,1,95520.99,95520.99,5,4776.05,0.0,90744.94,Transferencia bancaria,Entregado
T001343,C00314,P0124,2023-07-21,2,55570.99,111141.98,0,0.0,0.0,111141.98,Transferencia bancaria,Entregado
T001344,C00314,P0162,2025-12-02,1,60870.99,60870.99,20,12174.2,0.0,48696.79,Tarjeta de crédito,Entregado
T001345,C00314,P0058,2023-09-22,1,10690.99,10690.99,5,534.55,3273.51,13429.95,Tarjeta de crédito,Entregado
T001346,C00314,P0169,2024-05-31,1,116550.99,116550.99,5,5827.55,0.0,110723.44,Tarjeta de crédito,En camino
T001347,C00315,P0133,2025-07-04,1,23360.99,23360.99,10,2336.1,2708.43,23733.32,Efectivo (contra entrega),Preparando
T001348,C00315,P0056,2025-08-16,1,72090.99,72090.99,5,3604.55,0.0,68486.44,Tarjeta de crédito,Entregado
T001349,C00315,P0097,2025-12-27,2,118090.99,236181.98,0,0.0,0.0,236181.98,Mercado Pago,Entregado
T001350,C00315,P0025,2025-02-22,2,22880.99,45761.98,0,0.0,0.0,45761.98,Mercado Pago,Entregado
T001351,C00315,P0165,2025-02-03,1,8750.99,8750.99,0,0.0,2395.33,11146.32,Transferencia bancaria,Cancelado
T001352,C00316,P0149,2026-02-10,3,91760.99,275282.97,0,0.0,0.0,275282.97,Efectivo (contra entrega),Entregado
T001353,C00316,P0019,2026-01-08,1,143070.99,143070.99,0,0.0,0.0,143070.99,Tarjeta de débito,En camino
T001354,C00317,P0147,2026-04-03,4,92490.99,369963.96,10,36996.4,0.0,332967.56,Tarjeta de débito,Entregado
T001355,C00317,P0065,2025-03-07,1,36490.99,36490.99,0,0.0,0.0,36490.99,Mercado Pago,Preparando
T001356,C00318,P0019,2026-01-27,3,143070.99,429212.97,20,85842.59,0.0,343370.38,Tarjeta de crédito,Cancelado
T001357,C00318,P0032,2024-12-13,1,46630.99,46630.99,10,4663.1,0.0,41967.89,Mercado Pago,Entregado
T001358,C00318,P0129,2025-09-28,1,121150.99,121150.99,0,0.0,0.0,121150.99,Transferencia bancaria,Entregado
T001359,C00318,P0046,2026-03-05,1,18770.99,18770.99,0,0.0,1913.29,20684.28,Tarjeta de débito,Entregado
T001360,C00318,P0105,2024-08-28,1,8040.99,8040.99,0,0.0,3252.39,11293.38,Transferencia bancaria,En camino
T001361,C00318,P0184,2024-12-17,1,11240.99,11240.99,5,562.05,3065.29,13744.23,Transferencia bancaria,Entregado
T001362,C00318,P0096,2024-11-04,1,32440.99,32440.99,20,6488.2,0.0,25952.79,Transferencia bancaria,Entregado
T001363,C00318,P0050,2025-09-24,1,5120.99,5120.99,0,0.0,2388.7,7509.69,Efectivo (contra entrega),Entregado
T001364,C00320,P0022,2025-04-09,1,86110.99,86110.99,10,8611.1,0.0,77499.89,Tarjeta de crédito,Entregado
T001365,C00320,P0127,2024-11-13,4,53930.99,215723.96,0,0.0,0.0,215723.96,Tarjeta de débito,Entregado
T001366,C00320,P0070,2025-06-12,1,59790.99,59790.99,0,0.0,0.0,59790.99,Mercado Pago,Entregado
T001367,C00320,P0063,2025-03-26,1,64680.99,64680.99,0,0.0,0.0,64680.99,Mercado Pago,Entregado
T001368,C00320,P0024,2025-06-04,2,102000.99,204001.98,0,0.0,0.0,204001.98,Tarjeta de débito,Entregado
T001369,C00320,P0055,2024-12-07,2,90690.99,181381.98,0,0.0,0.0,181381.98,Mercado Pago,Entregado
T001370,C00320,P0165,2026-06-07,1,8750.99,8750.99,0,0.0,3361.43,12112.42,Transferencia bancaria,Entregado
T001371,C00321,P0134,2025-09-03,1,73170.99,73170.99,0,0.0,0.0,73170.99,Efectivo (contra entrega),Entregado
T001372,C00321,P0035,2025-07-26,1,7230.99,7230.99,0,0.0,4128.59,11359.58,Tarjeta de débito,Entregado
T001373,C00321,P0062,2026-07-08,1,80150.99,80150.99,0,0.0,0.0,80150.99,Transferencia bancaria,Entregado
T001374,C00322,P0096,2024-06-12,1,32440.99,32440.99,0,0.0,0.0,32440.99,Efectivo (contra entrega),Entregado
T001375,C00322,P0112,2024-03-08,1,52410.99,52410.99,0,0.0,0.0,52410.99,Efectivo (contra entrega),Entregado
T001376,C00322,P0151,2024-01-10,1,43590.99,43590.99,0,0.0,0.0,43590.99,Mercado Pago,Entregado
T001377,C00322,P0026,2025-06-10,1,71960.99,71960.99,5,3598.05,0.0,68362.94,Transferencia bancaria,Entregado
T001378,C00322,P0003,2026-02-26,1,95520.99,95520.99,0,0.0,0.0,95520.99,Mercado Pago,Entregado
T001379,C00322,P0180,2025-02-27,1,10110.99,10110.99,0,0.0,2800.7,12911.69,Tarjeta de débito,Entregado
T001380,C00322,P0064,2024-12-06,3,71270.99,213812.97,0,0.0,0.0,213812.97,Tarjeta de crédito,Entregado
T001381,C00323,P0149,2024-07-21,1,91760.99,91760.99,0,0.0,0.0,91760.99,Tarjeta de débito,Entregado
T001382,C00323,P0108,2025-07-29,2,106640.99,213281.98,5,10664.1,0.0,202617.88,Transferencia bancaria,Entregado
T001383,C00324,P0086,2026-08-12,1,17970.99,17970.99,10,1797.1,3575.05,19748.94,Tarjeta de débito,Entregado
T001384,C00324,P0114,2026-07-08,2,17660.99,35321.98,0,0.0,0.0,35321.98,Efectivo (contra entrega),Entregado
T001385,C00325,P0118,2026-05-09,2,39730.99,79461.98,0,0.0,0.0,79461.98,Efectivo (contra entrega),Entregado
T001386,C00326,P0108,2025-09-25,2,106640.99,213281.98,10,21328.2,0.0,191953.78,Tarjeta de débito,Entregado
T001387,C00326,P0110,2025-10-17,1,148390.99,148390.99,0,0.0,0.0,148390.99,Transferencia bancaria,Entregado
T001388,C00326,P0032,2025-12-06,1,46630.99,46630.99,0,0.0,0.0,46630.99,Mercado Pago,Entregado
T001389,C00326,P0133,2026-01-30,1,23360.99,23360.99,20,4672.2,4143.77,22832.56,Tarjeta de crédito,Entregado
T001390,C00326,P0167,2025-07-17,1,116770.99,116770.99,20,23354.2,0.0,93416.79,Transferencia bancaria,Entregado
T001391,C00327,P0034,2025-12-07,1,16800.99,16800.99,0,0.0,1552.17,18353.16,Mercado Pago,Entregado
T001392,C00327,P0138,2025-08-04,2,3100.99,6201.98,0,0.0,2001.91,8203.89,Tarjeta de crédito,Entregado
T001393,C00327,P0060,2025-01-16,1,64800.99,64800.99,10,6480.1,0.0,58320.89,Transferencia bancaria,Entregado
T001394,C00327,P0056,2025-04-21,2,72090.99,144181.98,20,28836.4,0.0,115345.58,Transferencia bancaria,Entregado
T001395,C00327,P0166,2025-10-06,1,11070.99,11070.99,0,0.0,3983.25,15054.24,Mercado Pago,Entregado
T001396,C00327,P0088,2024-12-26,2,32190.99,64381.98,10,6438.2,0.0,57943.78,Efectivo (contra entrega),En camino
T001397,C00327,P0007,2025-06-05,1,16940.99,16940.99,0,0.0,3057.93,19998.92,Tarjeta de débito,Entregado
T001398,C00327,P0050,2025-01-25,4,5120.99,20483.96,10,2048.4,3478.1,21913.66,Transferencia bancaria,Entregado
T001399,C00327,P0118,2025-07-26,1,39730.99,39730.99,0,0.0,0.0,39730.99,Transferencia bancaria,Entregado
T001400,C00328,P0020,2023-08-26,1,125770.99,125770.99,0,0.0,0.0,125770.99,Transferencia bancaria,Cancelado
T001401,C00328,P0179,2023-07-19,1,39260.99,39260.99,20,7852.2,0.0,31408.79,Efectivo (contra entrega),Preparando
T001402,C00328,P0076,2024-02-15,2,80370.99,160741.98,0,0.0,0.0,160741.98,Efectivo (contra entrega),Cancelado
T001403,C00328,P0117,2025-06-11,1,122170.99,122170.99,15,18325.65,0.0,103845.34,Mercado Pago,Entregado
T001404,C00329,P0097,2025-11-28,1,118090.99,118090.99,15,17713.65,0.0,100377.34,Tarjeta de débito,Entregado
T001405,C00329,P0129,2025-08-10,1,121150.99,121150.99,0,0.0,0.0,121150.99,Efectivo (contra entrega),Entregado
T001406,C00329,P0138,2026-07-22,1,3100.99,3100.99,10,310.1,3199.99,5990.88,Mercado Pago,En camino
T001407,C00329,P0184,2025-07-01,1,11240.99,11240.99,20,2248.2,2996.78,11989.57,Transferencia bancaria,Entregado
T001408,C00329,P0086,2025-10-18,1,17970.99,17970.99,0,0.0,2369.35,20340.34,Tarjeta de débito,Entregado
T001409,C00330,P0151,2025-06-04,1,43590.99,43590.99,0,0.0,0.0,43590.99,Transferencia bancaria,Entregado
T001410,C00330,P0160,2024-05-30,1,143890.99,143890.99,0,0.0,0.0,143890.99,Tarjeta de crédito,Entregado
T001411,C00330,P0079,2026-02-20,1,9850.99,9850.99,0,0.0,2556.77,12407.76,Tarjeta de crédito,En camino
T001412,C00330,P0008,2025-01-01,1,44030.99,44030.99,0,0.0,0.0,44030.99,Efectivo (contra entrega),Entregado
T001413,C00331,P0032,2026-04-12,3,46630.99,139892.97,0,0.0,0.0,139892.97,Mercado Pago,Cancelado
T001414,C00331,P0125,2026-03-07,1,138210.99,138210.99,5,6910.55,0.0,131300.44,Tarjeta de crédito,Entregado
T001415,C00331,P0167,2025-11-11,1,116770.99,116770.99,0,0.0,0.0,116770.99,Tarjeta de débito,Cancelado
T001416,C00331,P0072,2026-05-16,2,60590.99,121181.98,5,6059.1,0.0,115122.88,Tarjeta de crédito,Entregado
T001417,C00331,P0148,2025-07-21,2,86710.99,173421.98,15,26013.3,0.0,147408.68,Tarjeta de débito,Entregado
T001418,C00331,P0010,2025-07-06,1,99010.99,99010.99,5,4950.55,0.0,94060.44,Efectivo (contra entrega),Entregado
T001419,C00331,P0068,2025-12-28,1,120640.99,120640.99,10,12064.1,0.0,108576.89,Transferencia bancaria,Entregado
T001420,C00332,P0010,2026-07-07,1,99010.99,99010.99,0,0.0,0.0,99010.99,Transferencia bancaria,Entregado
T001421,C00332,P0177,2026-04-17,1,26110.99,26110.99,0,0.0,4127.76,30238.75,Tarjeta de débito,Entregado
T001422,C00333,P0104,2025-05-13,1,56920.99,56920.99,0,0.0,0.0,56920.99,Mercado Pago,Cancelado
T001423,C00333,P0096,2025-06-04,1,32440.99,32440.99,0,0.0,0.0,32440.99,Transferencia bancaria,Entregado
T001424,C00334,P0172,2025-12-10,1,24980.99,24980.99,0,0.0,4372.48,29353.47,Tarjeta de débito,Entregado
T001425,C00334,P0158,2025-07-06,1,48410.99,48410.99,0,0.0,0.0,48410.99,Efectivo (contra entrega),Entregado
T001426,C00334,P0050,2025-12-11,1,5120.99,5120.99,5,256.05,4199.74,9064.68,Tarjeta de crédito,Preparando
T001427,C00334,P0153,2026-04-25,2,80540.99,161081.98,0,0.0,0.0,161081.98,Tarjeta de crédito,Entregado
T001428,C00334,P0137,2025-08-01,1,37150.99,37150.99,10,3715.1,0.0,33435.89,Tarjeta de crédito,Entregado
T001429,C00335,P0030,2026-01-16,1,42840.99,42840.99,10,4284.1,0.0,38556.89,Mercado Pago,Entregado
T001430,C00335,P0184,2026-05-06,1,11240.99,11240.99,10,1124.1,3196.33,13313.22,Tarjeta de crédito,Entregado
T001431,C00337,P0129,2025-12-04,1,121150.99,121150.99,0,0.0,0.0,121150.99,Tarjeta de débito,Entregado
T001432,C00337,P0171,2026-04-24,1,62510.99,62510.99,0,0.0,0.0,62510.99,Tarjeta de débito,Cancelado
T001433,C00337,P0162,2026-03-20,1,60870.99,60870.99,5,3043.55,0.0,57827.44,Mercado Pago,En camino
T001434,C00337,P0180,2026-05-26,1,10110.99,10110.99,5,505.55,4309.59,13915.03,Efectivo (contra entrega),En camino
T001435,C00337,P0055,2026-07-30,1,90690.99,90690.99,0,0.0,0.0,90690.99,Efectivo (contra entrega),Entregado
T001436,C00337,P0131,2025-05-19,2,17990.99,35981.98,0,0.0,0.0,35981.98,Tarjeta de crédito,Entregado
T001437,C00337,P0084,2025-06-22,1,106390.99,106390.99,10,10639.1,0.0,95751.89,Tarjeta de crédito,Entregado
T001438,C00338,P0185,2026-02-14,1,120880.99,120880.99,0,0.0,0.0,120880.99,Tarjeta de débito,Entregado
T001439,C00338,P0157,2026-05-30,2,2850.99,5701.98,0,0.0,3965.06,9667.04,Efectivo (contra entrega),Entregado
T001440,C00340,P0030,2026-03-14,1,42840.99,42840.99,0,0.0,0.0,42840.99,Tarjeta de débito,Entregado
T001441,C00340,P0182,2023-08-25,1,118780.99,118780.99,5,5939.05,0.0,112841.94,Transferencia bancaria,Entregado
T001442,C00340,P0108,2023-05-31,1,106640.99,106640.99,0,0.0,0.0,106640.99,Efectivo (contra entrega),Entregado
T001443,C00340,P0002,2026-06-13,1,34510.99,34510.99,5,1725.55,0.0,32785.44,Tarjeta de crédito,Entregado
T001444,C00340,P0074,2025-09-03,1,73660.99,73660.99,10,7366.1,0.0,66294.89,Mercado Pago,Entregado
T001445,C00341,P0144,2025-03-14,1,136210.99,136210.99,0,0.0,0.0,136210.99,Tarjeta de crédito,Entregado
T001446,C00343,P0060,2025-12-29,1,64800.99,64800.99,0,0.0,0.0,64800.99,Tarjeta de débito,Preparando
T001447,C00343,P0013,2026-02-13,1,33690.99,33690.99,5,1684.55,0.0,32006.44,Tarjeta de débito,Entregado
T001448,C00344,P0112,2026-03-11,1,52410.99,52410.99,10,5241.1,0.0,47169.89,Efectivo (contra entrega),Entregado
T001449,C00344,P0123,2024-09-23,1,57150.99,57150.99,0,0.0,0.0,57150.99,Mercado Pago,Entregado
T001450,C00344,P0026,2024-10-30,1,71960.99,71960.99,0,0.0,0.0,71960.99,Tarjeta de débito,Entregado
T001451,C00344,P0146,2023-05-30,1,77950.99,77950.99,10,7795.1,0.0,70155.89,Transferencia bancaria,Entregado
T001452,C00344,P0120,2026-03-05,1,58730.99,58730.99,10,5873.1,0.0,52857.89,Transferencia bancaria,Entregado
T001453,C00344,P0166,2024-10-24,1,11070.99,11070.99,0,0.0,3625.5,14696.49,Efectivo (contra entrega),Entregado
T001454,C00344,P0046,2023-06-12,1,18770.99,18770.99,5,938.55,3266.56,21099.0,Efectivo (contra entrega),Entregado
T001455,C00344,P0033,2025-04-12,1,38270.99,38270.99,0,0.0,0.0,38270.99,Tarjeta de débito,Entregado
T001456,C00344,P0171,2024-07-05,1,62510.99,62510.99,5,3125.55,0.0,59385.44,Transferencia bancaria,Entregado
T001457,C00344,P0060,2024-09-12,1,64800.99,64800.99,0,0.0,0.0,64800.99,Tarjeta de débito,Entregado
T001458,C00344,P0154,2025-07-13,1,30800.99,30800.99,15,4620.15,0.0,26180.84,Transferencia bancaria,Entregado
T001459,C00345,P0023,2026-05-01,3,99980.99,299942.97,0,0.0,0.0,299942.97,Tarjeta de crédito,Entregado
T001460,C00346,P0092,2025-12-08,1,67840.99,67840.99,10,6784.1,0.0,61056.89,Tarjeta de crédito,Entregado
T001461,C00346,P0173,2026-02-08,3,7980.99,23942.97,0,0.0,3596.18,27539.15,Efectivo (contra entrega),Entregado
T001462,C00347,P0098,2024-07-27,1,66450.99,66450.99,0,0.0,0.0,66450.99,Mercado Pago,Entregado
T001463,C00347,P0157,2024-12-05,1,2850.99,2850.99,5,142.55,2802.19,5510.63,Tarjeta de débito,Entregado
T001464,C00348,P0047,2026-01-15,1,14020.99,14020.99,5,701.05,3505.97,16825.91,Tarjeta de débito,Entregado
T001465,C00348,P0157,2025-11-20,2,2850.99,5701.98,0,0.0,2724.08,8426.06,Tarjeta de crédito,Entregado
T001466,C00349,P0080,2024-05-07,1,16720.99,16720.99,5,836.05,4232.97,20117.91,Transferencia bancaria,Entregado
T001467,C00349,P0002,2024-07-11,1,34510.99,34510.99,0,0.0,0.0,34510.99,Efectivo (contra entrega),En camino
T001468,C00349,P0062,2025-12-26,1,80150.99,80150.99,5,4007.55,0.0,76143.44,Tarjeta de débito,Entregado
T001469,C00349,P0075,2025-07-07,2,51680.99,103361.98,0,0.0,0.0,103361.98,Tarjeta de crédito,Entregado
T001470,C00349,P0098,2025-03-13,1,66450.99,66450.99,0,0.0,0.0,66450.99,Tarjeta de crédito,Entregado
T001471,C00349,P0050,2024-09-04,1,5120.99,5120.99,0,0.0,3304.47,8425.46,Tarjeta de débito,Entregado
T001472,C00349,P0168,2025-07-10,2,20280.99,40561.98,0,0.0,0.0,40561.98,Transferencia bancaria,En camino
T001473,C00349,P0164,2024-07-24,2,32940.99,65881.98,0,0.0,0.0,65881.98,Mercado Pago,Preparando
T001474,C00349,P0036,2024-08-09,1,6740.99,6740.99,0,0.0,4059.59,10800.58,Efectivo (contra entrega),Cancelado
T001475,C00349,P0132,2025-06-04,1,34240.99,34240.99,5,1712.05,0.0,32528.94,Tarjeta de crédito,Entregado
T001476,C00349,P0032,2026-05-13,1,46630.99,46630.99,15,6994.65,0.0,39636.34,Tarjeta de crédito,Cancelado
T001477,C00351,P0065,2024-06-10,1,36490.99,36490.99,0,0.0,0.0,36490.99,Tarjeta de débito,Entregado
T001478,C00351,P0178,2024-10-25,1,82810.99,82810.99,10,8281.1,0.0,74529.89,Tarjeta de crédito,Entregado
T001479,C00351,P0114,2025-05-06,1,17660.99,17660.99,0,0.0,4343.99,22004.98,Tarjeta de crédito,Preparando
T001480,C00351,P0068,2026-05-07,1,120640.99,120640.99,0,0.0,0.0,120640.99,Efectivo (contra entrega),Entregado
T001481,C00351,P0154,2026-04-19,3,30800.99,92402.97,15,13860.45,0.0,78542.52,Tarjeta de débito,Entregado
T001482,C00352,P0142,2026-08-05,2,80160.99,160321.98,0,0.0,0.0,160321.98,Tarjeta de débito,Entregado
T001483,C00352,P0180,2026-07-22,1,10110.99,10110.99,0,0.0,2410.26,12521.25,Tarjeta de débito,En camino
T001484,C00352,P0059,2026-06-20,1,66790.99,66790.99,0,0.0,0.0,66790.99,Tarjeta de débito,Entregado
T001485,C00352,P0149,2026-04-14,1,91760.99,91760.99,10,9176.1,0.0,82584.89,Tarjeta de crédito,Entregado
T001486,C00353,P0117,2026-06-25,1,122170.99,122170.99,0,0.0,0.0,122170.99,Tarjeta de débito,Entregado
T001487,C00353,P0147,2026-06-03,1,92490.99,92490.99,0,0.0,0.0,92490.99,Transferencia bancaria,Entregado
T001488,C00353,P0096,2026-07-16,1,32440.99,32440.99,5,1622.05,0.0,30818.94,Mercado Pago,Preparando
T001489,C00353,P0092,2026-07-24,1,67840.99,67840.99,0,0.0,0.0,67840.99,Tarjeta de débito,Entregado
T001490,C00353,P0153,2026-07-31,1,80540.99,80540.99,0,0.0,0.0,80540.99,Efectivo (contra entrega),Entregado
T001491,C00353,P0036,2026-06-08,1,6740.99,6740.99,20,1348.2,1544.7,6937.49,Tarjeta de crédito,Entregado
T001492,C00355,P0076,2026-02-06,1,80370.99,80370.99,0,0.0,0.0,80370.99,Efectivo (contra entrega),Entregado
T001493,C00355,P0020,2026-04-29,1,125770.99,125770.99,0,0.0,0.0,125770.99,Efectivo (contra entrega),Entregado
T001494,C00355,P0065,2025-11-30,1,36490.99,36490.99,5,1824.55,0.0,34666.44,Tarjeta de crédito,Entregado
T001495,C00356,P0167,2026-04-15,3,116770.99,350312.97,0,0.0,0.0,350312.97,Mercado Pago,Entregado
T001496,C00356,P0139,2025-12-25,2,76500.99,153001.98,10,15300.2,0.0,137701.78,Mercado Pago,Entregado
T001497,C00356,P0124,2026-01-27,3,55570.99,166712.97,10,16671.3,0.0,150041.67,Tarjeta de débito,Entregado
T001498,C00356,P0166,2025-11-16,1,11070.99,11070.99,0,0.0,3593.32,14664.31,Tarjeta de crédito,Entregado
T001499,C00357,P0161,2025-12-14,3,92880.99,278642.97,5,13932.15,0.0,264710.82,Mercado Pago,Entregado
T001500,C00357,P0028,2025-11-20,1,49350.99,49350.99,15,7402.65,0.0,41948.34,Efectivo (contra entrega),En camino
T001501,C00357,P0085,2025-12-10,1,69850.99,69850.99,5,3492.55,0.0,66358.44,Mercado Pago,Entregado
T001502,C00357,P0089,2024-03-15,2,70110.99,140221.98,10,14022.2,0.0,126199.78,Tarjeta de débito,Entregado
T001503,C00359,P0023,2026-04-20,2,99980.99,199961.98,20,39992.4,0.0,159969.58,Tarjeta de crédito,Entregado
T001504,C00359,P0092,2026-06-28,1,67840.99,67840.99,0,0.0,0.0,67840.99,Tarjeta de crédito,Entregado
T001505,C00361,P0089,2026-06-26,1,70110.99,70110.99,0,0.0,0.0,70110.99,Transferencia bancaria,Preparando
T001506,C00361,P0146,2026-05-05,1,77950.99,77950.99,0,0.0,0.0,77950.99,Transferencia bancaria,Entregado
T001507,C00361,P0041,2026-08-12,1,34130.99,34130.99,5,1706.55,0.0,32424.44,Mercado Pago,Entregado
T001508,C00361,P0088,2026-05-15,3,32190.99,96572.97,15,14485.95,0.0,82087.02,Mercado Pago,Entregado
T001509,C00361,P0086,2026-04-27,3,17970.99,53912.97,15,8086.95,0.0,45826.02,Efectivo (contra entrega),En camino
T001510,C00361,P0086,2026-06-26,1,17970.99,17970.99,0,0.0,3677.36,21648.35,Transferencia bancaria,Entregado
T001511,C00361,P0145,2026-06-03,2,60290.99,120581.98,15,18087.3,0.0,102494.68,Tarjeta de crédito,Entregado
T001512,C00361,P0059,2026-01-02,1,66790.99,66790.99,20,13358.2,0.0,53432.79,Mercado Pago,Cancelado
T001513,C00362,P0159,2025-10-27,4,108820.99,435283.96,0,0.0,0.0,435283.96,Efectivo (contra entrega),Entregado
T001514,C00362,P0142,2025-02-24,2,80160.99,160321.98,0,0.0,0.0,160321.98,Transferencia bancaria,Cancelado
T001515,C00362,P0036,2026-06-30,2,6740.99,13481.98,15,2022.3,1895.62,13355.3,Mercado Pago,Entregado
T001516,C00362,P0103,2025-04-06,1,23150.99,23150.99,0,0.0,3128.41,26279.4,Transferencia bancaria,Entregado
T001517,C00362,P0032,2026-01-13,1,46630.99,46630.99,0,0.0,0.0,46630.99,Mercado Pago,Entregado
T001518,C00362,P0157,2025-02-04,2,2850.99,5701.98,10,570.2,3324.0,8455.78,Efectivo (contra entrega),Entregado
T001519,C00362,P0124,2025-09-08,1,55570.99,55570.99,10,5557.1,0.0,50013.89,Transferencia bancaria,En camino
T001520,C00362,P0014,2024-11-01,1,68510.99,68510.99,0,0.0,0.0,68510.99,Mercado Pago,Entregado
T001521,C00363,P0180,2025-08-04,1,10110.99,10110.99,0,0.0,2725.83,12836.82,Tarjeta de crédito,Entregado
T001522,C00364,P0106,2024-07-06,2,12090.99,24181.98,0,0.0,4359.88,28541.86,Mercado Pago,Entregado
T001523,C00364,P0004,2024-10-11,2,73400.99,146801.98,0,0.0,0.0,146801.98,Tarjeta de débito,Preparando
T001524,C00364,P0074,2024-01-22,1,73660.99,73660.99,0,0.0,0.0,73660.99,Tarjeta de crédito,Preparando
T001525,C00364,P0057,2024-07-30,1,2250.99,2250.99,5,112.55,2052.77,4191.21,Transferencia bancaria,Entregado
T001526,C00364,P0110,2026-01-21,1,148390.99,148390.99,0,0.0,0.0,148390.99,Tarjeta de crédito,Entregado
T001527,C00364,P0034,2025-09-26,3,16800.99,50402.97,20,10080.59,0.0,40322.38,Tarjeta de crédito,Cancelado
T001528,C00364,P0079,2024-10-02,1,9850.99,9850.99,10,985.1,2560.01,11425.9,Efectivo (contra entrega),Entregado
T001529,C00364,P0025,2025-03-27,1,22880.99,22880.99,0,0.0,3020.81,25901.8,Tarjeta de crédito,Entregado
T001530,C00364,P0051,2026-01-29,1,22610.99,22610.99,0,0.0,2614.08,25225.07,Transferencia bancaria,En camino
T001531,C00364,P0029,2025-09-05,1,42890.99,42890.99,0,0.0,0.0,42890.99,Tarjeta de crédito,Entregado
T001532,C00365,P0074,2025-03-11,1,73660.99,73660.99,0,0.0,0.0,73660.99,Mercado Pago,Cancelado
T001533,C00365,P0116,2025-05-23,1,25880.99,25880.99,20,5176.2,3365.75,24070.54,Tarjeta de crédito,Entregado
T001534,C00365,P0105,2026-02-27,1,8040.99,8040.99,0,0.0,3273.68,11314.67,Tarjeta de débito,Entregado
T001535,C00365,P0010,2025-05-21,2,99010.99,198021.98,0,0.0,0.0,198021.98,Efectivo (contra entrega),En camino
T001536,C00366,P0066,2026-03-12,2,32260.99,64521.98,15,9678.3,0.0,54843.68,Efectivo (contra entrega),Entregado
T001537,C00366,P0161,2026-04-27,1,92880.99,92880.99,5,4644.05,0.0,88236.94,Tarjeta de crédito,Entregado
T001538,C00367,P0073,2025-07-30,3,118250.99,354752.97,20,70950.59,0.0,283802.38,Efectivo (contra entrega),Entregado
T001539,C00367,P0174,2025-03-08,1,50040.99,50040.99,5,2502.05,0.0,47538.94,Tarjeta de crédito,Entregado
T001540,C00367,P0142,2025-01-28,2,80160.99,160321.98,0,0.0,0.0,160321.98,Transferencia bancaria,Entregado
T001541,C00367,P0131,2025-07-16,1,17990.99,17990.99,0,0.0,2450.82,20441.81,Efectivo (contra entrega),Entregado
T001542,C00367,P0024,2025-05-25,1,102000.99,102000.99,0,0.0,0.0,102000.99,Mercado Pago,Entregado
T001543,C00367,P0072,2025-03-22,1,60590.99,60590.99,0,0.0,0.0,60590.99,Tarjeta de débito,Cancelado
T001544,C00367,P0180,2025-06-10,1,10110.99,10110.99,20,2022.2,2729.78,10818.57,Efectivo (contra entrega),Entregado
T001545,C00368,P0042,2026-02-24,1,80280.99,80280.99,0,0.0,0.0,80280.99,Tarjeta de débito,Entregado
T001546,C00368,P0131,2026-02-18,1,17990.99,17990.99,0,0.0,3208.03,21199.02,Tarjeta de débito,En camino
T001547,C00368,P0063,2026-06-29,3,64680.99,194042.97,0,0.0,0.0,194042.97,Efectivo (contra entrega),Preparando
T001548,C00368,P0026,2026-01-06,1,71960.99,71960.99,5,3598.05,0.0,68362.94,Mercado Pago,En camino
T001549,C00368,P0140,2026-07-07,1,116180.99,116180.99,0,0.0,0.0,116180.99,Tarjeta de débito,Entregado
T001550,C00368,P0162,2026-04-06,1,60870.99,60870.99,5,3043.55,0.0,57827.44,Tarjeta de débito,Entregado
T001551,C00369,P0036,2024-12-19,1,6740.99,6740.99,0,0.0,2290.13,9031.12,Transferencia bancaria,Entregado
T001552,C00370,P0114,2023-08-13,1,17660.99,17660.99,10,1766.1,4001.58,19896.47,Tarjeta de débito,Entregado
T001553,C00370,P0137,2024-05-30,4,37150.99,148603.96,0,0.0,0.0,148603.96,Transferencia bancaria,Preparando
T001554,C00370,P0100,2024-06-16,3,19570.99,58712.97,0,0.0,0.0,58712.97,Efectivo (contra entrega),Entregado
T001555,C00370,P0047,2025-05-22,1,14020.99,14020.99,0,0.0,2510.42,16531.41,Mercado Pago,En camino
T001556,C00370,P0141,2025-01-24,1,10330.99,10330.99,5,516.55,4482.4,14296.84,Mercado Pago,Entregado
T001557,C00370,P0090,2023-04-14,3,83690.99,251072.97,15,37660.95,0.0,213412.02,Transferencia bancaria,Entregado
T001558,C00370,P0171,2024-10-04,1,62510.99,62510.99,0,0.0,0.0,62510.99,Tarjeta de débito,Entregado
T001559,C00371,P0163,2026-07-25,2,64460.99,128921.98,15,19338.3,0.0,109583.68,Tarjeta de crédito,Cancelado
T001560,C00371,P0111,2023-04-20,1,59100.99,59100.99,0,0.0,0.0,59100.99,Transferencia bancaria,Entregado
T001561,C00371,P0136,2025-09-15,1,47130.99,47130.99,0,0.0,0.0,47130.99,Efectivo (contra entrega),Entregado
T001562,C00371,P0132,2024-11-30,1,34240.99,34240.99,10,3424.1,0.0,30816.89,Transferencia bancaria,Entregado
T001563,C00371,P0112,2024-02-06,1,52410.99,52410.99,0,0.0,0.0,52410.99,Efectivo (contra entrega),Preparando
T001564,C00371,P0157,2025-09-18,1,2850.99,2850.99,15,427.65,2355.77,4779.11,Tarjeta de débito,Entregado
T001565,C00371,P0151,2024-08-19,3,43590.99,130772.97,0,0.0,0.0,130772.97,Tarjeta de débito,Cancelado
T001566,C00372,P0153,2025-03-18,1,80540.99,80540.99,0,0.0,0.0,80540.99,Tarjeta de crédito,Entregado
T001567,C00372,P0095,2024-05-22,1,27440.99,27440.99,0,0.0,2363.53,29804.52,Tarjeta de débito,Entregado
T001568,C00372,P0004,2025-07-09,2,73400.99,146801.98,0,0.0,0.0,146801.98,Efectivo (contra entrega),Preparando
T001569,C00372,P0129,2025-08-16,2,121150.99,242301.98,15,36345.3,0.0,205956.68,Tarjeta de débito,Entregado
T001570,C00372,P0180,2025-06-20,1,10110.99,10110.99,0,0.0,3026.09,13137.08,Efectivo (contra entrega),Entregado
T001571,C00372,P0154,2025-01-27,3,30800.99,92402.97,20,18480.59,0.0,73922.38,Tarjeta de débito,Entregado
T001572,C00372,P0064,2025-12-30,1,71270.99,71270.99,10,7127.1,0.0,64143.89,Tarjeta de débito,Entregado
T001573,C00372,P0179,2025-12-17,1,39260.99,39260.99,15,5889.15,0.0,33371.84,Transferencia bancaria,Entregado
T001574,C00372,P0168,2024-09-22,1,20280.99,20280.99,10,2028.1,2384.82,20637.71,Tarjeta de crédito,Entregado
T001575,C00372,P0044,2025-12-10,1,73620.99,73620.99,0,0.0,0.0,73620.99,Tarjeta de débito,Entregado
T001576,C00372,P0064,2026-08-04,4,71270.99,285083.96,5,14254.2,0.0,270829.76,Mercado Pago,Entregado
T001577,C00372,P0128,2024-12-19,2,68490.99,136981.98,5,6849.1,0.0,130132.88,Tarjeta de crédito,Entregado
T001578,C00373,P0113,2025-05-30,1,45170.99,45170.99,0,0.0,0.0,45170.99,Efectivo (contra entrega),Entregado
T001579,C00375,P0106,2024-06-08,2,12090.99,24181.98,0,0.0,4274.19,28456.17,Efectivo (contra entrega),Entregado
T001580,C00375,P0104,2026-06-09,1,56920.99,56920.99,10,5692.1,0.0,51228.89,Tarjeta de crédito,Entregado
T001581,C00375,P0006,2023-07-18,3,104670.99,314012.97,5,15700.65,0.0,298312.32,Efectivo (contra entrega),Entregado
T001582,C00375,P0142,2024-06-30,1,80160.99,80160.99,15,12024.15,0.0,68136.84,Mercado Pago,Entregado
T001583,C00375,P0064,2023-11-07,1,71270.99,71270.99,0,0.0,0.0,71270.99,Transferencia bancaria,Entregado
T001584,C00375,P0079,2023-07-01,1,9850.99,9850.99,0,0.0,4127.59,13978.58,Tarjeta de débito,Cancelado
T001585,C00375,P0113,2024-02-15,1,45170.99,45170.99,0,0.0,0.0,45170.99,Tarjeta de débito,Entregado
T001586,C00376,P0089,2026-07-09,1,70110.99,70110.99,0,0.0,0.0,70110.99,Transferencia bancaria,Entregado
T001587,C00376,P0104,2026-06-13,1,56920.99,56920.99,0,0.0,0.0,56920.99,Efectivo (contra entrega),Entregado
T001588,C00376,P0139,2026-08-09,1,76500.99,76500.99,0,0.0,0.0,76500.99,Tarjeta de débito,Entregado
T001589,C00376,P0172,2026-08-08,2,24980.99,49961.98,5,2498.1,0.0,47463.88,Transferencia bancaria,Entregado
T001590,C00376,P0165,2026-04-17,1,8750.99,8750.99,0,0.0,2386.25,11137.24,Mercado Pago,Entregado
T001591,C00376,P0115,2026-02-23,1,39000.99,39000.99,0,0.0,0.0,39000.99,Transferencia bancaria,Entregado
T001592,C00376,P0175,2026-01-19,1,30670.99,30670.99,0,0.0,0.0,30670.99,Tarjeta de crédito,Entregado
T001593,C00377,P0025,2026-04-16,1,22880.99,22880.99,5,1144.05,3821.05,25557.99,Transferencia bancaria,Entregado
T001594,C00378,P0183,2025-05-03,1,28350.99,28350.99,0,0.0,2372.79,30723.78,Transferencia bancaria,Entregado
T001595,C00378,P0010,2026-03-18,1,99010.99,99010.99,10,9901.1,0.0,89109.89,Mercado Pago,Entregado
T001596,C00379,P0002,2026-05-19,1,34510.99,34510.99,0,0.0,0.0,34510.99,Tarjeta de crédito,Entregado
T001597,C00380,P0046,2025-05-30,1,18770.99,18770.99,0,0.0,3408.8,22179.79,Transferencia bancaria,Entregado
T001598,C00381,P0104,2026-07-19,1,56920.99,56920.99,15,8538.15,0.0,48382.84,Tarjeta de crédito,Entregado
T001599,C00382,P0116,2025-11-17,1,25880.99,25880.99,0,0.0,3119.3,29000.29,Tarjeta de crédito,Cancelado
T001600,C00382,P0102,2025-11-19,2,100820.99,201641.98,0,0.0,0.0,201641.98,Mercado Pago,Entregado
T001601,C00382,P0099,2025-08-13,2,10460.99,20921.98,0,0.0,3464.79,24386.77,Mercado Pago,Entregado
T001602,C00382,P0063,2025-09-04,1,64680.99,64680.99,20,12936.2,0.0,51744.79,Transferencia bancaria,En camino
T001603,C00382,P0059,2025-01-22,2,66790.99,133581.98,0,0.0,0.0,133581.98,Mercado Pago,En camino
T001604,C00382,P0183,2025-06-02,1,28350.99,28350.99,0,0.0,3700.0,32050.99,Tarjeta de crédito,Cancelado
T001605,C00383,P0050,2026-04-15,1,5120.99,5120.99,15,768.15,1807.56,6160.4,Transferencia bancaria,Entregado
T001606,C00383,P0180,2025-08-26,1,10110.99,10110.99,0,0.0,1572.73,11683.72,Tarjeta de débito,Entregado
T001607,C00383,P0048,2026-07-07,1,21500.99,21500.99,5,1075.05,3938.99,24364.93,Transferencia bancaria,Entregado
T001608,C00383,P0153,2025-06-23,1,80540.99,80540.99,5,4027.05,0.0,76513.94,Tarjeta de crédito,Entregado
T001609,C00383,P0074,2026-06-12,1,73660.99,73660.99,0,0.0,0.0,73660.99,Transferencia bancaria,Entregado
T001610,C00383,P0050,2025-10-21,1,5120.99,5120.99,5,256.05,3125.09,7990.03,Tarjeta de crédito,Preparando
T001611,C00383,P0056,2025-04-08,2,72090.99,144181.98,10,14418.2,0.0,129763.78,Efectivo (contra entrega),Entregado
T001612,C00383,P0062,2026-05-21,2,80150.99,160301.98,10,16030.2,0.0,144271.78,Tarjeta de crédito,Entregado
T001613,C00384,P0085,2026-04-17,1,69850.99,69850.99,0,0.0,0.0,69850.99,Efectivo (contra entrega),Entregado
T001614,C00384,P0120,2026-02-23,1,58730.99,58730.99,0,0.0,0.0,58730.99,Transferencia bancaria,Entregado
T001615,C00384,P0142,2026-03-09,1,80160.99,80160.99,0,0.0,0.0,80160.99,Efectivo (contra entrega),Preparando
T001616,C00384,P0158,2025-05-21,1,48410.99,48410.99,0,0.0,0.0,48410.99,Transferencia bancaria,Cancelado
T001617,C00384,P0046,2026-01-16,3,18770.99,56312.97,10,5631.3,0.0,50681.67,Transferencia bancaria,Entregado
T001618,C00384,P0066,2025-10-28,1,32260.99,32260.99,20,6452.2,0.0,25808.79,Tarjeta de débito,Entregado
T001619,C00384,P0006,2025-10-28,1,104670.99,104670.99,0,0.0,0.0,104670.99,Mercado Pago,Entregado
T001620,C00384,P0146,2025-07-06,1,77950.99,77950.99,10,7795.1,0.0,70155.89,Tarjeta de crédito,Cancelado
T001621,C00384,P0090,2025-04-17,1,83690.99,83690.99,0,0.0,0.0,83690.99,Efectivo (contra entrega),Cancelado
T001622,C00384,P0153,2025-07-23,1,80540.99,80540.99,0,0.0,0.0,80540.99,Transferencia bancaria,Entregado
T001623,C00385,P0043,2025-11-05,2,35310.99,70621.98,0,0.0,0.0,70621.98,Transferencia bancaria,Entregado
T001624,C00385,P0096,2025-08-20,1,32440.99,32440.99,0,0.0,0.0,32440.99,Tarjeta de débito,Entregado
T001625,C00387,P0046,2024-12-01,1,18770.99,18770.99,0,0.0,4114.28,22885.27,Tarjeta de débito,Entregado
T001626,C00388,P0133,2025-09-26,2,23360.99,46721.98,0,0.0,0.0,46721.98,Tarjeta de débito,Entregado
T001627,C00388,P0050,2025-05-28,1,5120.99,5120.99,5,256.05,3043.29,7908.23,Tarjeta de crédito,En camino
T001628,C00388,P0151,2024-08-13,3,43590.99,130772.97,0,0.0,0.0,130772.97,Tarjeta de débito,Entregado
T001629,C00388,P0008,2025-10-26,2,44030.99,88061.98,0,0.0,0.0,88061.98,Tarjeta de débito,Entregado
T001630,C00388,P0117,2024-11-28,1,122170.99,122170.99,10,12217.1,0.0,109953.89,Transferencia bancaria,Entregado
T001631,C00388,P0102,2025-11-06,1,100820.99,100820.99,5,5041.05,0.0,95779.94,Tarjeta de débito,Entregado
T001632,C00388,P0171,2025-12-20,2,62510.99,125021.98,0,0.0,0.0,125021.98,Mercado Pago,Entregado
T001633,C00388,P0138,2026-07-08,1,3100.99,3100.99,20,620.2,3659.83,6140.62,Mercado Pago,Preparando
T001634,C00388,P0040,2024-08-12,1,8100.99,8100.99,5,405.05,2614.9,10310.84,Tarjeta de débito,Entregado
T001635,C00388,P0141,2025-10-19,1,10330.99,10330.99,5,516.55,3908.44,13722.88,Mercado Pago,Cancelado
T001636,C00388,P0090,2026-03-09,1,83690.99,83690.99,0,0.0,0.0,83690.99,Mercado Pago,Entregado
T001637,C00388,P0145,2025-05-14,3,60290.99,180872.97,5,9043.65,0.0,171829.32,Tarjeta de débito,En camino
T001638,C00388,P0102,2025-08-13,1,100820.99,100820.99,5,5041.05,0.0,95779.94,Mercado Pago,Entregado
T001639,C00388,P0081,2024-12-18,1,108380.99,108380.99,0,0.0,0.0,108380.99,Tarjeta de crédito,Entregado
T001640,C00390,P0019,2026-06-30,1,143070.99,143070.99,0,0.0,0.0,143070.99,Tarjeta de crédito,Entregado
T001641,C00390,P0015,2025-11-10,1,48920.99,48920.99,0,0.0,0.0,48920.99,Mercado Pago,Entregado
T001642,C00390,P0016,2026-03-25,1,82230.99,82230.99,15,12334.65,0.0,69896.34,Tarjeta de crédito,Entregado
T001643,C00393,P0041,2026-02-02,1,34130.99,34130.99,0,0.0,0.0,34130.99,Transferencia bancaria,Entregado
T001644,C00394,P0158,2026-01-11,1,48410.99,48410.99,5,2420.55,0.0,45990.44,Efectivo (contra entrega),Entregado
T001645,C00394,P0091,2026-04-19,1,27590.99,27590.99,5,1379.55,2339.96,28551.4,Tarjeta de crédito,Entregado
T001646,C00394,P0185,2025-09-23,1,120880.99,120880.99,0,0.0,0.0,120880.99,Transferencia bancaria,Entregado
T001647,C00394,P0027,2025-08-26,1,66770.99,66770.99,10,6677.1,0.0,60093.89,Mercado Pago,Entregado
T001648,C00395,P0059,2026-06-05,2,66790.99,133581.98,5,6679.1,0.0,126902.88,Tarjeta de débito,Entregado
T001649,C00395,P0148,2026-06-03,1,86710.99,86710.99,0,0.0,0.0,86710.99,Efectivo (contra entrega),Entregado
T001650,C00397,P0006,2026-05-08,1,104670.99,104670.99,0,0.0,0.0,104670.99,Tarjeta de crédito,Entregado
T001651,C00397,P0097,2026-04-10,1,118090.99,118090.99,10,11809.1,0.0,106281.89,Transferencia bancaria,Entregado
T001652,C00397,P0020,2026-06-01,1,125770.99,125770.99,0,0.0,0.0,125770.99,Efectivo (contra entrega),Entregado
T001653,C00398,P0040,2025-04-07,1,8100.99,8100.99,0,0.0,2923.43,11024.42,Efectivo (contra entrega),Entregado
T001654,C00398,P0051,2024-10-10,1,22610.99,22610.99,0,0.0,3316.14,25927.13,Tarjeta de débito,Entregado
T001655,C00398,P0077,2024-08-13,3,80070.99,240212.97,10,24021.3,0.0,216191.67,Transferencia bancaria,Entregado
T001656,C00398,P0175,2025-04-23,1,30670.99,30670.99,0,0.0,0.0,30670.99,Tarjeta de crédito,En camino
T001657,C00398,P0042,2025-09-29,1,80280.99,80280.99,0,0.0,0.0,80280.99,Tarjeta de crédito,Entregado
T001658,C00399,P0004,2026-03-01,1,73400.99,73400.99,0,0.0,0.0,73400.99,Transferencia bancaria,Entregado
T001659,C00399,P0086,2026-03-30,1,17970.99,17970.99,0,0.0,4493.7,22464.69,Transferencia bancaria,Cancelado
T001660,C00399,P0042,2026-04-28,1,80280.99,80280.99,15,12042.15,0.0,68238.84,Tarjeta de débito,Cancelado
T001661,C00399,P0144,2026-05-29,1,136210.99,136210.99,0,0.0,0.0,136210.99,Mercado Pago,Entregado
T001662,C00399,P0081,2024-11-14,1,108380.99,108380.99,15,16257.15,0.0,92123.84,Efectivo (contra entrega),Preparando
T001663,C00399,P0032,2025-12-22,3,46630.99,139892.97,5,6994.65,0.0,132898.32,Mercado Pago,Entregado
T001664,C00399,P0048,2024-06-19,1,21500.99,21500.99,0,0.0,4487.21,25988.2,Mercado Pago,Entregado
T001665,C00399,P0104,2026-01-13,1,56920.99,56920.99,20,11384.2,0.0,45536.79,Transferencia bancaria,En camino
T001666,C00400,P0064,2026-02-28,1,71270.99,71270.99,0,0.0,0.0,71270.99,Efectivo (contra entrega),Entregado
T001667,C00400,P0011,2025-10-06,2,26210.99,52421.98,0,0.0,0.0,52421.98,Tarjeta de débito,Entregado
T001668,C00401,P0161,2025-11-01,2,92880.99,185761.98,15,27864.3,0.0,157897.68,Transferencia bancaria,Entregado
T001669,C00401,P0128,2025-10-02,2,68490.99,136981.98,0,0.0,0.0,136981.98,Tarjeta de crédito,Entregado
T001670,C00402,P0173,2024-08-23,1,7980.99,7980.99,0,0.0,4450.21,12431.2,Efectivo (contra entrega),Entregado
T001671,C00402,P0064,2025-12-02,2,71270.99,142541.98,0,0.0,0.0,142541.98,Mercado Pago,Entregado
T001672,C00402,P0111,2026-06-25,2,59100.99,118201.98,0,0.0,0.0,118201.98,Mercado Pago,Cancelado
T001673,C00402,P0002,2026-03-30,1,34510.99,34510.99,15,5176.65,0.0,29334.34,Tarjeta de crédito,Entregado
T001674,C00402,P0153,2025-02-17,1,80540.99,80540.99,10,8054.1,0.0,72486.89,Mercado Pago,Entregado
T001675,C00402,P0133,2025-09-14,1,23360.99,23360.99,0,0.0,2326.58,25687.57,Efectivo (contra entrega),Entregado
T001676,C00402,P0116,2025-05-10,1,25880.99,25880.99,5,1294.05,4026.37,28613.31,Mercado Pago,Cancelado
T001677,C00402,P0156,2026-08-01,1,23880.99,23880.99,0,0.0,2524.36,26405.35,Tarjeta de crédito,Entregado
T001678,C00402,P0129,2025-09-13,1,121150.99,121150.99,0,0.0,0.0,121150.99,Tarjeta de crédito,Entregado
T001679,C00402,P0164,2024-10-24,1,32940.99,32940.99,0,0.0,0.0,32940.99,Tarjeta de crédito,Entregado
T001680,C00402,P0071,2026-01-24,2,14390.99,28781.98,10,2878.2,2152.58,28056.36,Tarjeta de crédito,Entregado
T001681,C00403,P0016,2025-12-19,3,82230.99,246692.97,0,0.0,0.0,246692.97,Tarjeta de débito,Entregado
T001682,C00403,P0098,2026-06-27,2,66450.99,132901.98,5,6645.1,0.0,126256.88,Transferencia bancaria,Entregado
T001683,C00403,P0112,2026-07-01,2,52410.99,104821.98,0,0.0,0.0,104821.98,Mercado Pago,Entregado
T001684,C00403,P0159,2026-06-05,1,108820.99,108820.99,10,10882.1,0.0,97938.89,Tarjeta de débito,Entregado
T001685,C00403,P0010,2025-12-14,1,99010.99,99010.99,0,0.0,0.0,99010.99,Mercado Pago,Entregado
T001686,C00403,P0160,2026-03-15,1,143890.99,143890.99,0,0.0,0.0,143890.99,Efectivo (contra entrega),Entregado
T001687,C00403,P0163,2026-07-26,1,64460.99,64460.99,5,3223.05,0.0,61237.94,Tarjeta de crédito,En camino
T001688,C00404,P0133,2025-10-02,1,23360.99,23360.99,0,0.0,3206.13,26567.12,Transferencia bancaria,Cancelado
T001689,C00404,P0090,2025-04-25,1,83690.99,83690.99,10,8369.1,0.0,75321.89,Tarjeta de débito,En camino
T001690,C00404,P0159,2026-02-14,1,108820.99,108820.99,20,21764.2,0.0,87056.79,Mercado Pago,Entregado
T001691,C00404,P0162,2024-07-13,1,60870.99,60870.99,10,6087.1,0.0,54783.89,Transferencia bancaria,Entregado
T001692,C00404,P0089,2026-04-06,1,70110.99,70110.99,15,10516.65,0.0,59594.34,Tarjeta de débito,Entregado
T001693,C00404,P0077,2026-01-20,1,80070.99,80070.99,0,0.0,0.0,80070.99,Efectivo (contra entrega),Entregado
T001694,C00404,P0007,2025-08-21,1,16940.99,16940.99,0,0.0,1601.55,18542.54,Mercado Pago,Entregado
T001695,C00404,P0103,2026-02-17,2,23150.99,46301.98,0,0.0,0.0,46301.98,Mercado Pago,Entregado
T001696,C00405,P0014,2025-12-12,1,68510.99,68510.99,0,0.0,0.0,68510.99,Mercado Pago,Preparando
T001697,C00405,P0065,2025-02-01,1,36490.99,36490.99,0,0.0,0.0,36490.99,Transferencia bancaria,Entregado
T001698,C00405,P0145,2025-10-15,2,60290.99,120581.98,0,0.0,0.0,120581.98,Transferencia bancaria,Entregado
T001699,C00405,P0025,2024-07-19,2,22880.99,45761.98,0,0.0,0.0,45761.98,Mercado Pago,Entregado
T001700,C00406,P0079,2025-11-08,1,9850.99,9850.99,5,492.55,2400.52,11758.96,Tarjeta de débito,Cancelado
T001701,C00406,P0145,2026-02-04,2,60290.99,120581.98,15,18087.3,0.0,102494.68,Transferencia bancaria,Entregado
T001702,C00406,P0087,2025-11-16,1,92990.99,92990.99,0,0.0,0.0,92990.99,Efectivo (contra entrega),Entregado
T001703,C00406,P0025,2025-12-10,1,22880.99,22880.99,0,0.0,4267.06,27148.05,Efectivo (contra entrega),Preparando
T001704,C00406,P0134,2026-04-23,1,73170.99,73170.99,20,14634.2,0.0,58536.79,Tarjeta de débito,Entregado
T001705,C00406,P0112,2026-01-26,1,52410.99,52410.99,10,5241.1,0.0,47169.89,Tarjeta de crédito,Entregado
T001706,C00406,P0149,2026-04-28,1,91760.99,91760.99,10,9176.1,0.0,82584.89,Transferencia bancaria,En camino
T001707,C00406,P0172,2026-05-14,1,24980.99,24980.99,0,0.0,3475.83,28456.82,Tarjeta de débito,Entregado
T001708,C00406,P0126,2026-05-16,1,29260.99,29260.99,0,0.0,2208.55,31469.54,Tarjeta de crédito,Entregado
T001709,C00406,P0046,2025-12-15,2,18770.99,37541.98,0,0.0,0.0,37541.98,Mercado Pago,Entregado
T001710,C00406,P0091,2026-04-21,1,27590.99,27590.99,0,0.0,1799.74,29390.73,Transferencia bancaria,Entregado
T001711,C00406,P0133,2025-12-10,1,23360.99,23360.99,15,3504.15,3505.31,23362.15,Tarjeta de débito,En camino
T001712,C00406,P0144,2026-01-23,2,136210.99,272421.98,0,0.0,0.0,272421.98,Tarjeta de débito,Entregado
T001713,C00406,P0037,2025-11-13,1,4430.99,4430.99,0,0.0,2349.58,6780.57,Transferencia bancaria,Entregado
T001714,C00406,P0168,2025-11-20,1,20280.99,20280.99,0,0.0,2540.6,22821.59,Efectivo (contra entrega),Entregado
T001715,C00407,P0006,2023-04-08,1,104670.99,104670.99,5,5233.55,0.0,99437.44,Mercado Pago,Entregado
T001716,C00407,P0048,2023-08-18,1,21500.99,21500.99,0,0.0,1504.77,23005.76,Transferencia bancaria,Entregado
T001717,C00408,P0097,2026-05-30,1,118090.99,118090.99,0,0.0,0.0,118090.99,Tarjeta de débito,Entregado
T001718,C00409,P0140,2024-08-25,1,116180.99,116180.99,0,0.0,0.0,116180.99,Transferencia bancaria,Entregado
T001719,C00410,P0092,2026-07-25,1,67840.99,67840.99,0,0.0,0.0,67840.99,Tarjeta de crédito,En camino
T001720,C00410,P0060,2026-06-05,1,64800.99,64800.99,20,12960.2,0.0,51840.79,Transferencia bancaria,Entregado
T001721,C00410,P0062,2026-06-29,1,80150.99,80150.99,10,8015.1,0.0,72135.89,Tarjeta de crédito,Entregado
T001722,C00411,P0133,2026-03-01,1,23360.99,23360.99,0,0.0,4087.4,27448.39,Tarjeta de crédito,En camino
T001723,C00412,P0118,2026-03-18,1,39730.99,39730.99,0,0.0,0.0,39730.99,Transferencia bancaria,Entregado
T001724,C00412,P0080,2025-12-31,1,16720.99,16720.99,5,836.05,3510.58,19395.52,Tarjeta de crédito,Entregado
T001725,C00412,P0052,2025-08-16,1,93290.99,93290.99,0,0.0,0.0,93290.99,Efectivo (contra entrega),Entregado
T001726,C00412,P0037,2026-03-17,2,4430.99,8861.98,15,1329.3,3006.18,10538.86,Mercado Pago,En camino
T001727,C00412,P0019,2026-02-24,2,143070.99,286141.98,20,57228.4,0.0,228913.58,Tarjeta de débito,Entregado
T001728,C00412,P0171,2025-05-30,4,62510.99,250043.96,0,0.0,0.0,250043.96,Tarjeta de crédito,Entregado
T001729,C00412,P0006,2026-05-04,1,104670.99,104670.99,0,0.0,0.0,104670.99,Efectivo (contra entrega),Cancelado
T001730,C00412,P0034,2025-05-16,1,16800.99,16800.99,0,0.0,3343.56,20144.55,Transferencia bancaria,Preparando
T001731,C00414,P0056,2025-12-06,1,72090.99,72090.99,0,0.0,0.0,72090.99,Mercado Pago,Entregado
T001732,C00414,P0137,2026-05-15,1,37150.99,37150.99,0,0.0,0.0,37150.99,Transferencia bancaria,Entregado
T001733,C00414,P0056,2025-04-26,1,72090.99,72090.99,0,0.0,0.0,72090.99,Efectivo (contra entrega),En camino
T001734,C00414,P0116,2025-04-07,1,25880.99,25880.99,0,0.0,2751.18,28632.17,Mercado Pago,Entregado
T001735,C00414,P0034,2026-05-10,1,16800.99,16800.99,0,0.0,2571.73,19372.72,Transferencia bancaria,Entregado
T001736,C00414,P0001,2025-11-20,1,22660.99,22660.99,0,0.0,1783.72,24444.71,Transferencia bancaria,Entregado
T001737,C00414,P0153,2025-02-15,1,80540.99,80540.99,0,0.0,0.0,80540.99,Efectivo (contra entrega),Cancelado
T001738,C00414,P0178,2024-11-20,1,82810.99,82810.99,10,8281.1,0.0,74529.89,Efectivo (contra entrega),En camino
T001739,C00414,P0123,2025-07-03,1,57150.99,57150.99,0,0.0,0.0,57150.99,Tarjeta de crédito,Entregado
T001740,C00414,P0138,2025-10-03,1,3100.99,3100.99,20,620.2,3413.44,5894.23,Transferencia bancaria,Preparando
T001741,C00414,P0169,2026-05-23,1,116550.99,116550.99,5,5827.55,0.0,110723.44,Mercado Pago,Entregado
T001742,C00414,P0051,2025-10-09,1,22610.99,22610.99,0,0.0,4351.08,26962.07,Tarjeta de crédito,Entregado
T001743,C00414,P0019,2025-09-13,2,143070.99,286141.98,0,0.0,0.0,286141.98,Tarjeta de débito,Entregado
T001744,C00415,P0004,2026-06-05,1,73400.99,73400.99,0,0.0,0.0,73400.99,Tarjeta de débito,Entregado
T001745,C00415,P0057,2026-07-25,1,2250.99,2250.99,0,0.0,3220.01,5471.0,Transferencia bancaria,Entregado
T001746,C00415,P0146,2025-12-10,1,77950.99,77950.99,5,3897.55,0.0,74053.44,Efectivo (contra entrega),Entregado
T001747,C00415,P0003,2025-11-01,1,95520.99,95520.99,5,4776.05,0.0,90744.94,Mercado Pago,Preparando
T001748,C00415,P0013,2025-09-03,1,33690.99,33690.99,0,0.0,0.0,33690.99,Transferencia bancaria,Entregado
T001749,C00415,P0105,2025-09-18,1,8040.99,8040.99,0,0.0,2887.32,10928.31,Mercado Pago,En camino
T001750,C00416,P0039,2025-05-26,1,44450.99,44450.99,0,0.0,0.0,44450.99,Tarjeta de crédito,Entregado
T001751,C00416,P0155,2026-06-22,1,108460.99,108460.99,5,5423.05,0.0,103037.94,Transferencia bancaria,Entregado
T001752,C00417,P0110,2025-10-06,1,148390.99,148390.99,0,0.0,0.0,148390.99,Transferencia bancaria,Entregado
T001753,C00417,P0078,2026-04-21,3,82230.99,246692.97,0,0.0,0.0,246692.97,Mercado Pago,Entregado
T001754,C00417,P0172,2025-05-11,2,24980.99,49961.98,0,0.0,0.0,49961.98,Transferencia bancaria,En camino
T001755,C00417,P0182,2025-05-13,1,118780.99,118780.99,5,5939.05,0.0,112841.94,Mercado Pago,Entregado
T001756,C00417,P0160,2025-02-09,1,143890.99,143890.99,5,7194.55,0.0,136696.44,Tarjeta de crédito,Entregado
T001757,C00417,P0056,2025-10-24,1,72090.99,72090.99,0,0.0,0.0,72090.99,Tarjeta de débito,Entregado
T001758,C00418,P0079,2024-11-15,4,9850.99,39403.96,0,0.0,0.0,39403.96,Mercado Pago,Entregado
T001759,C00418,P0094,2025-03-04,1,27390.99,27390.99,0,0.0,1967.7,29358.69,Efectivo (contra entrega),Entregado
T001760,C00419,P0166,2023-11-14,1,11070.99,11070.99,0,0.0,3794.82,14865.81,Mercado Pago,Entregado
T001761,C00419,P0120,2023-09-04,1,58730.99,58730.99,0,0.0,0.0,58730.99,Efectivo (contra entrega),Entregado
T001762,C00419,P0161,2025-04-06,1,92880.99,92880.99,5,4644.05,0.0,88236.94,Tarjeta de crédito,En camino
T001763,C00419,P0175,2025-09-05,1,30670.99,30670.99,0,0.0,0.0,30670.99,Mercado Pago,Entregado
T001764,C00419,P0124,2023-07-28,1,55570.99,55570.99,0,0.0,0.0,55570.99,Transferencia bancaria,Entregado
T001765,C00419,P0157,2023-11-02,1,2850.99,2850.99,0,0.0,2153.26,5004.25,Mercado Pago,Preparando
T001766,C00419,P0020,2024-11-18,1,125770.99,125770.99,0,0.0,0.0,125770.99,Mercado Pago,Entregado
T001767,C00419,P0015,2025-02-15,1,48920.99,48920.99,0,0.0,0.0,48920.99,Transferencia bancaria,Entregado
T001768,C00419,P0088,2025-05-14,1,32190.99,32190.99,0,0.0,0.0,32190.99,Transferencia bancaria,En camino
T001769,C00419,P0179,2023-03-14,1,39260.99,39260.99,15,5889.15,0.0,33371.84,Tarjeta de crédito,Entregado
T001770,C00419,P0160,2025-09-27,1,143890.99,143890.99,0,0.0,0.0,143890.99,Tarjeta de débito,Entregado
T001771,C00420,P0178,2026-07-19,3,82810.99,248432.97,0,0.0,0.0,248432.97,Transferencia bancaria,Entregado
T001772,C00420,P0140,2026-07-14,1,116180.99,116180.99,5,5809.05,0.0,110371.94,Tarjeta de débito,Entregado
T001773,C00420,P0097,2026-07-30,1,118090.99,118090.99,0,0.0,0.0,118090.99,Efectivo (contra entrega),Entregado
T001774,C00420,P0001,2026-07-08,2,22660.99,45321.98,15,6798.3,0.0,38523.68,Tarjeta de débito,Entregado
T001775,C00420,P0077,2026-05-14,1,80070.99,80070.99,5,4003.55,0.0,76067.44,Mercado Pago,Entregado
T001776,C00420,P0025,2026-03-28,1,22880.99,22880.99,5,1144.05,3869.64,25606.58,Efectivo (contra entrega),Entregado
T001777,C00420,P0164,2026-06-21,2,32940.99,65881.98,10,6588.2,0.0,59293.78,Mercado Pago,Entregado
T001778,C00421,P0110,2026-07-04,2,148390.99,296781.98,0,0.0,0.0,296781.98,Tarjeta de débito,Cancelado
T001779,C00421,P0184,2025-06-19,1,11240.99,11240.99,0,0.0,4183.34,15424.33,Transferencia bancaria,Entregado
T001780,C00421,P0025,2024-11-29,1,22880.99,22880.99,5,1144.05,2830.96,24567.9,Tarjeta de débito,Entregado
T001781,C00421,P0161,2026-07-12,4,92880.99,371523.96,0,0.0,0.0,371523.96,Efectivo (contra entrega),Entregado
T001782,C00421,P0015,2026-04-05,2,48920.99,97841.98,15,14676.3,0.0,83165.68,Tarjeta de débito,Preparando
T001783,C00421,P0064,2025-07-15,1,71270.99,71270.99,20,14254.2,0.0,57016.79,Tarjeta de crédito,Entregado
T001784,C00421,P0088,2024-06-18,1,32190.99,32190.99,0,0.0,0.0,32190.99,Transferencia bancaria,Entregado
T001785,C00422,P0073,2025-11-20,1,118250.99,118250.99,0,0.0,0.0,118250.99,Efectivo (contra entrega),Entregado
T001786,C00423,P0098,2026-06-01,2,66450.99,132901.98,5,6645.1,0.0,126256.88,Tarjeta de crédito,Cancelado
T001787,C00423,P0104,2026-06-11,1,56920.99,56920.99,10,5692.1,0.0,51228.89,Transferencia bancaria,Entregado
T001788,C00424,P0148,2025-06-04,2,86710.99,173421.98,0,0.0,0.0,173421.98,Efectivo (contra entrega),Entregado
T001789,C00424,P0137,2026-04-19,1,37150.99,37150.99,0,0.0,0.0,37150.99,Tarjeta de crédito,En camino
T001790,C00426,P0181,2023-09-09,1,14430.99,14430.99,10,1443.1,3760.73,16748.62,Tarjeta de débito,Entregado
T001791,C00426,P0111,2026-05-22,1,59100.99,59100.99,5,2955.05,0.0,56145.94,Tarjeta de débito,Entregado
T001792,C00426,P0169,2026-02-08,2,116550.99,233101.98,0,0.0,0.0,233101.98,Tarjeta de crédito,Entregado
T001793,C00426,P0044,2023-11-07,1,73620.99,73620.99,5,3681.05,0.0,69939.94,Mercado Pago,Entregado
T001794,C00426,P0010,2025-08-09,1,99010.99,99010.99,5,4950.55,0.0,94060.44,Transferencia bancaria,Entregado
T001795,C00426,P0042,2023-09-02,1,80280.99,80280.99,0,0.0,0.0,80280.99,Tarjeta de débito,Entregado
T001796,C00426,P0091,2026-07-18,1,27590.99,27590.99,0,0.0,2163.06,29754.05,Mercado Pago,Entregado
T001797,C00426,P0029,2023-12-26,2,42890.99,85781.98,0,0.0,0.0,85781.98,Efectivo (contra entrega),Entregado
T001798,C00427,P0095,2024-03-06,1,27440.99,27440.99,5,1372.05,3519.84,29588.78,Tarjeta de débito,Entregado
T001799,C00427,P0089,2025-10-01,1,70110.99,70110.99,0,0.0,0.0,70110.99,Tarjeta de débito,Entregado
T001800,C00427,P0136,2025-09-19,1,47130.99,47130.99,0,0.0,0.0,47130.99,Efectivo (contra entrega),Entregado
T001801,C00427,P0026,2026-05-04,1,71960.99,71960.99,0,0.0,0.0,71960.99,Efectivo (contra entrega),Entregado
T001802,C00427,P0033,2026-04-20,1,38270.99,38270.99,5,1913.55,0.0,36357.44,Mercado Pago,Entregado
T001803,C00427,P0065,2023-09-10,1,36490.99,36490.99,0,0.0,0.0,36490.99,Efectivo (contra entrega),Entregado
T001804,C00427,P0113,2024-04-07,1,45170.99,45170.99,10,4517.1,0.0,40653.89,Tarjeta de débito,Entregado
T001805,C00428,P0186,2025-01-17,1,100370.99,100370.99,0,0.0,0.0,100370.99,Tarjeta de crédito,Entregado
T001806,C00428,P0159,2025-02-12,1,108820.99,108820.99,0,0.0,0.0,108820.99,Mercado Pago,Entregado
T001807,C00428,P0089,2026-02-22,1,70110.99,70110.99,5,3505.55,0.0,66605.44,Tarjeta de débito,Entregado
T001808,C00428,P0178,2025-07-31,1,82810.99,82810.99,0,0.0,0.0,82810.99,Tarjeta de crédito,Preparando
T001809,C00428,P0007,2024-10-30,2,16940.99,33881.98,10,3388.2,0.0,30493.78,Efectivo (contra entrega),En camino
T001810,C00428,P0125,2026-05-20,2,138210.99,276421.98,5,13821.1,0.0,262600.88,Tarjeta de crédito,Entregado
T001811,C00428,P0140,2024-09-25,1,116180.99,116180.99,0,0.0,0.0,116180.99,Tarjeta de crédito,Entregado
T001812,C00428,P0177,2026-03-14,1,26110.99,26110.99,20,5222.2,4039.82,24928.61,Tarjeta de crédito,Entregado
T001813,C00428,P0089,2024-10-11,4,70110.99,280443.96,0,0.0,0.0,280443.96,Tarjeta de débito,Entregado
T001814,C00428,P0030,2025-08-01,1,42840.99,42840.99,10,4284.1,0.0,38556.89,Tarjeta de débito,Entregado
T001815,C00428,P0168,2025-07-05,1,20280.99,20280.99,5,1014.05,2032.29,21299.23,Mercado Pago,Cancelado
T001816,C00428,P0084,2025-07-30,1,106390.99,106390.99,0,0.0,0.0,106390.99,Tarjeta de crédito,Entregado
T001817,C00428,P0106,2024-10-31,3,12090.99,36272.97,0,0.0,0.0,36272.97,Tarjeta de débito,Entregado
T001818,C00428,P0162,2025-10-20,1,60870.99,60870.99,0,0.0,0.0,60870.99,Transferencia bancaria,Entregado
T001819,C00429,P0116,2025-11-02,1,25880.99,25880.99,10,2588.1,2456.58,25749.47,Tarjeta de débito,Entregado
T001820,C00429,P0050,2025-04-06,1,5120.99,5120.99,0,0.0,2928.11,8049.1,Efectivo (contra entrega),Entregado
T001821,C00431,P0009,2024-05-27,1,76570.99,76570.99,0,0.0,0.0,76570.99,Tarjeta de crédito,Entregado
T001822,C00431,P0089,2025-05-05,2,70110.99,140221.98,0,0.0,0.0,140221.98,Efectivo (contra entrega),Entregado
T001823,C00431,P0008,2026-05-28,2,44030.99,88061.98,5,4403.1,0.0,83658.88,Tarjeta de crédito,Entregado
T001824,C00431,P0161,2025-12-28,1,92880.99,92880.99,0,0.0,0.0,92880.99,Tarjeta de débito,Entregado
T001825,C00431,P0033,2025-05-16,1,38270.99,38270.99,0,0.0,0.0,38270.99,Mercado Pago,Entregado
T001826,C00431,P0062,2025-10-26,1,80150.99,80150.99,0,0.0,0.0,80150.99,Efectivo (contra entrega),Entregado
T001827,C00431,P0114,2025-09-12,1,17660.99,17660.99,5,883.05,1834.41,18612.35,Tarjeta de débito,Entregado
T001828,C00431,P0159,2025-10-20,1,108820.99,108820.99,0,0.0,0.0,108820.99,Transferencia bancaria,Cancelado
T001829,C00431,P0030,2026-01-26,1,42840.99,42840.99,0,0.0,0.0,42840.99,Mercado Pago,Entregado
T001830,C00431,P0161,2026-08-07,1,92880.99,92880.99,10,9288.1,0.0,83592.89,Efectivo (contra entrega),Entregado
T001831,C00431,P0033,2024-12-11,2,38270.99,76541.98,0,0.0,0.0,76541.98,Tarjeta de débito,Entregado
T001832,C00431,P0011,2025-04-17,1,26210.99,26210.99,0,0.0,2460.05,28671.04,Tarjeta de crédito,Entregado
T001833,C00431,P0072,2024-12-26,1,60590.99,60590.99,15,9088.65,0.0,51502.34,Tarjeta de débito,Entregado
T001834,C00431,P0169,2025-10-17,1,116550.99,116550.99,0,0.0,0.0,116550.99,Tarjeta de débito,Entregado
T001835,C00431,P0015,2025-02-12,2,48920.99,97841.98,5,4892.1,0.0,92949.88,Efectivo (contra entrega),Entregado
T001836,C00432,P0050,2026-02-11,1,5120.99,5120.99,10,512.1,3839.26,8448.15,Mercado Pago,Entregado
T001837,C00433,P0055,2026-06-13,3,90690.99,272072.97,10,27207.3,0.0,244865.67,Mercado Pago,Entregado
T001838,C00435,P0050,2025-10-30,2,5120.99,10241.98,0,0.0,2424.05,12666.03,Transferencia bancaria,Entregado
T001839,C00435,P0174,2024-12-26,1,50040.99,50040.99,15,7506.15,0.0,42534.84,Transferencia bancaria,Entregado
T001840,C00435,P0154,2025-07-31,1,30800.99,30800.99,10,3080.1,0.0,27720.89,Mercado Pago,Cancelado
T001841,C00435,P0146,2025-02-26,1,77950.99,77950.99,5,3897.55,0.0,74053.44,Mercado Pago,Entregado
T001842,C00436,P0097,2025-06-30,2,118090.99,236181.98,0,0.0,0.0,236181.98,Transferencia bancaria,Entregado
T001843,C00436,P0011,2024-11-19,1,26210.99,26210.99,0,0.0,2098.36,28309.35,Efectivo (contra entrega),Entregado
T001844,C00436,P0024,2025-04-25,1,102000.99,102000.99,0,0.0,0.0,102000.99,Tarjeta de débito,Entregado
T001845,C00436,P0178,2023-07-10,1,82810.99,82810.99,0,0.0,0.0,82810.99,Transferencia bancaria,Entregado
T001846,C00438,P0098,2025-09-26,1,66450.99,66450.99,20,13290.2,0.0,53160.79,Tarjeta de débito,Entregado
T001847,C00440,P0185,2025-12-13,1,120880.99,120880.99,0,0.0,0.0,120880.99,Mercado Pago,Entregado
T001848,C00440,P0022,2025-10-21,1,86110.99,86110.99,0,0.0,0.0,86110.99,Tarjeta de crédito,Cancelado
T001849,C00441,P0049,2026-06-21,1,113080.99,113080.99,5,5654.05,0.0,107426.94,Transferencia bancaria,Entregado
T001850,C00441,P0169,2025-12-11,2,116550.99,233101.98,15,34965.3,0.0,198136.68,Efectivo (contra entrega),Entregado
T001851,C00441,P0058,2025-12-04,1,10690.99,10690.99,0,0.0,2235.68,12926.67,Mercado Pago,Entregado
T001852,C00441,P0055,2025-06-29,1,90690.99,90690.99,10,9069.1,0.0,81621.89,Tarjeta de débito,Entregado
T001853,C00441,P0111,2026-04-16,2,59100.99,118201.98,0,0.0,0.0,118201.98,Mercado Pago,En camino
T001854,C00442,P0141,2025-07-18,1,10330.99,10330.99,10,1033.1,3741.82,13039.71,Mercado Pago,Entregado
T001855,C00443,P0016,2023-05-05,1,82230.99,82230.99,0,0.0,0.0,82230.99,Mercado Pago,Entregado
T001856,C00443,P0184,2026-02-12,1,11240.99,11240.99,5,562.05,1569.41,12248.35,Transferencia bancaria,Entregado
T001857,C00443,P0136,2024-03-28,1,47130.99,47130.99,10,4713.1,0.0,42417.89,Efectivo (contra entrega),En camino
T001858,C00443,P0019,2025-06-26,1,143070.99,143070.99,20,28614.2,0.0,114456.79,Efectivo (contra entrega),Entregado
T001859,C00443,P0008,2025-12-22,1,44030.99,44030.99,0,0.0,0.0,44030.99,Mercado Pago,Entregado
T001860,C00443,P0185,2023-09-13,2,120880.99,241761.98,0,0.0,0.0,241761.98,Tarjeta de crédito,Entregado
T001861,C00443,P0002,2023-05-24,2,34510.99,69021.98,0,0.0,0.0,69021.98,Tarjeta de crédito,Cancelado
T001862,C00443,P0175,2023-11-03,1,30670.99,30670.99,10,3067.1,0.0,27603.89,Tarjeta de crédito,En camino
T001863,C00443,P0169,2024-02-10,1,116550.99,116550.99,0,0.0,0.0,116550.99,Tarjeta de débito,Entregado
T001864,C00443,P0183,2024-02-08,2,28350.99,56701.98,10,5670.2,0.0,51031.78,Mercado Pago,Entregado
T001865,C00443,P0175,2025-10-09,1,30670.99,30670.99,15,4600.65,0.0,26070.34,Tarjeta de débito,Cancelado
T001866,C00443,P0164,2024-09-15,1,32940.99,32940.99,0,0.0,0.0,32940.99,Mercado Pago,Entregado
T001867,C00443,P0094,2025-06-23,1,27390.99,27390.99,10,2739.1,3718.38,28370.27,Tarjeta de crédito,Cancelado
T001868,C00444,P0060,2026-06-22,1,64800.99,64800.99,0,0.0,0.0,64800.99,Tarjeta de crédito,En camino
T001869,C00444,P0098,2025-01-23,1,66450.99,66450.99,0,0.0,0.0,66450.99,Tarjeta de débito,Entregado
T001870,C00444,P0057,2025-12-21,1,2250.99,2250.99,10,225.1,3097.09,5122.98,Tarjeta de débito,Entregado
T001871,C00444,P0097,2025-04-15,2,118090.99,236181.98,0,0.0,0.0,236181.98,Efectivo (contra entrega),Entregado
T001872,C00444,P0071,2025-01-10,1,14390.99,14390.99,10,1439.1,2118.43,15070.32,Tarjeta de crédito,Entregado
T001873,C00445,P0179,2025-08-13,1,39260.99,39260.99,10,3926.1,0.0,35334.89,Efectivo (contra entrega),Entregado
T001874,C00445,P0106,2025-03-30,1,12090.99,12090.99,0,0.0,4111.67,16202.66,Tarjeta de débito,Cancelado
T001875,C00445,P0041,2025-03-22,1,34130.99,34130.99,0,0.0,0.0,34130.99,Tarjeta de débito,Cancelado
T001876,C00445,P0186,2026-01-21,3,100370.99,301112.97,0,0.0,0.0,301112.97,Tarjeta de débito,Entregado
T001877,C00445,P0020,2025-07-02,2,125770.99,251541.98,15,37731.3,0.0,213810.68,Transferencia bancaria,Entregado
T001878,C00445,P0070,2025-10-25,1,59790.99,59790.99,10,5979.1,0.0,53811.89,Tarjeta de débito,En camino
T001879,C00445,P0169,2025-09-29,1,116550.99,116550.99,0,0.0,0.0,116550.99,Tarjeta de débito,Entregado
T001880,C00445,P0100,2025-12-12,2,19570.99,39141.98,0,0.0,0.0,39141.98,Tarjeta de débito,Entregado
T001881,C00445,P0144,2025-08-26,1,136210.99,136210.99,0,0.0,0.0,136210.99,Tarjeta de débito,Entregado
T001882,C00445,P0142,2026-03-01,2,80160.99,160321.98,0,0.0,0.0,160321.98,Efectivo (contra entrega),Entregado
T001883,C00445,P0112,2025-05-04,1,52410.99,52410.99,20,10482.2,0.0,41928.79,Tarjeta de débito,Entregado
T001884,C00445,P0033,2025-05-25,4,38270.99,153083.96,10,15308.4,0.0,137775.56,Mercado Pago,Entregado
T001885,C00445,P0076,2026-07-05,1,80370.99,80370.99,15,12055.65,0.0,68315.34,Transferencia bancaria,Entregado
T001886,C00445,P0006,2026-05-05,2,104670.99,209341.98,0,0.0,0.0,209341.98,Mercado Pago,En camino
T001887,C00446,P0148,2025-03-02,3,86710.99,260132.97,10,26013.3,0.0,234119.67,Mercado Pago,Entregado
T001888,C00446,P0019,2025-01-06,1,143070.99,143070.99,5,7153.55,0.0,135917.44,Transferencia bancaria,Entregado
T001889,C00446,P0092,2025-12-26,2,67840.99,135681.98,0,0.0,0.0,135681.98,Mercado Pago,Cancelado
T001890,C00446,P0139,2026-03-23,1,76500.99,76500.99,10,7650.1,0.0,68850.89,Tarjeta de crédito,Entregado
T001891,C00446,P0028,2025-01-14,1,49350.99,49350.99,0,0.0,0.0,49350.99,Tarjeta de crédito,Entregado
T001892,C00446,P0030,2025-01-08,1,42840.99,42840.99,10,4284.1,0.0,38556.89,Mercado Pago,Preparando
T001893,C00446,P0115,2025-08-11,1,39000.99,39000.99,0,0.0,0.0,39000.99,Tarjeta de débito,Entregado
T001894,C00446,P0065,2026-01-26,1,36490.99,36490.99,0,0.0,0.0,36490.99,Tarjeta de débito,Entregado
T001895,C00446,P0008,2024-04-28,1,44030.99,44030.99,15,6604.65,0.0,37426.34,Tarjeta de crédito,En camino
T001896,C00446,P0115,2026-06-24,1,39000.99,39000.99,0,0.0,0.0,39000.99,Mercado Pago,Entregado
T001897,C00446,P0136,2024-06-09,1,47130.99,47130.99,0,0.0,0.0,47130.99,Tarjeta de crédito,Entregado
T001898,C00447,P0156,2024-10-02,1,23880.99,23880.99,15,3582.15,4240.73,24539.57,Transferencia bancaria,Entregado
T001899,C00447,P0003,2025-07-02,2,95520.99,191041.98,5,9552.1,0.0,181489.88,Tarjeta de crédito,Entregado
T001900,C00447,P0169,2023-11-28,1,116550.99,116550.99,15,17482.65,0.0,99068.34,Tarjeta de crédito,Entregado
T001901,C00447,P0087,2024-11-26,1,92990.99,92990.99,0,0.0,0.0,92990.99,Efectivo (contra entrega),Cancelado
T001902,C00447,P0105,2024-04-30,1,8040.99,8040.99,10,804.1,3928.28,11165.17,Transferencia bancaria,Entregado
T001903,C00448,P0033,2026-05-09,2,38270.99,76541.98,0,0.0,0.0,76541.98,Efectivo (contra entrega),Entregado
T001904,C00448,P0091,2025-06-13,1,27590.99,27590.99,5,1379.55,3648.95,29860.39,Efectivo (contra entrega),Entregado
T001905,C00448,P0101,2026-02-14,1,85420.99,85420.99,0,0.0,0.0,85420.99,Tarjeta de débito,Entregado
T001906,C00448,P0118,2025-07-12,1,39730.99,39730.99,0,0.0,0.0,39730.99,Transferencia bancaria,Entregado
T001907,C00448,P0180,2026-05-16,1,10110.99,10110.99,5,505.55,2249.34,11854.78,Mercado Pago,Entregado
T001908,C00449,P0079,2023-05-22,2,9850.99,19701.98,0,0.0,3272.35,22974.33,Mercado Pago,Entregado
T001909,C00449,P0004,2024-09-21,2,73400.99,146801.98,0,0.0,0.0,146801.98,Tarjeta de débito,Entregado
T001910,C00449,P0103,2024-07-28,1,23150.99,23150.99,15,3472.65,1602.68,21281.02,Transferencia bancaria,Preparando
T001911,C00449,P0079,2025-02-26,1,9850.99,9850.99,10,985.1,4438.59,13304.48,Tarjeta de crédito,Entregado
T001912,C00451,P0050,2026-02-01,1,5120.99,5120.99,0,0.0,2942.33,8063.32,Tarjeta de débito,En camino
T001913,C00451,P0101,2026-03-16,1,85420.99,85420.99,10,8542.1,0.0,76878.89,Transferencia bancaria,Entregado
T001914,C00451,P0055,2025-11-03,4,90690.99,362763.96,0,0.0,0.0,362763.96,Transferencia bancaria,Entregado
T001915,C00451,P0025,2025-06-25,1,22880.99,22880.99,0,0.0,3805.53,26686.52,Mercado Pago,Cancelado
T001916,C00451,P0128,2025-02-22,4,68490.99,273963.96,0,0.0,0.0,273963.96,Transferencia bancaria,Entregado
T001917,C00451,P0163,2024-09-27,2,64460.99,128921.98,0,0.0,0.0,128921.98,Mercado Pago,Entregado
T001918,C00451,P0058,2024-11-29,2,10690.99,21381.98,0,0.0,3845.86,25227.84,Tarjeta de crédito,Entregado
T001919,C00451,P0055,2026-01-20,3,90690.99,272072.97,0,0.0,0.0,272072.97,Transferencia bancaria,Entregado
T001920,C00452,P0092,2026-05-28,1,67840.99,67840.99,5,3392.05,0.0,64448.94,Mercado Pago,Entregado
T001921,C00453,P0137,2025-02-22,1,37150.99,37150.99,0,0.0,0.0,37150.99,Efectivo (contra entrega),Cancelado
T001922,C00453,P0082,2026-06-11,1,70870.99,70870.99,10,7087.1,0.0,63783.89,Efectivo (contra entrega),Preparando
T001923,C00453,P0038,2026-06-04,1,69100.99,69100.99,10,6910.1,0.0,62190.89,Tarjeta de crédito,Entregado
T001924,C00453,P0097,2025-10-29,1,118090.99,118090.99,5,5904.55,0.0,112186.44,Tarjeta de débito,Entregado
T001925,C00454,P0036,2025-02-17,2,6740.99,13481.98,0,0.0,3900.78,17382.76,Tarjeta de débito,Entregado
T001926,C00454,P0178,2026-07-09,1,82810.99,82810.99,20,16562.2,0.0,66248.79,Tarjeta de débito,Entregado
T001927,C00454,P0096,2025-11-26,1,32440.99,32440.99,0,0.0,0.0,32440.99,Efectivo (contra entrega),Entregado
T001928,C00454,P0182,2024-10-16,1,118780.99,118780.99,15,17817.15,0.0,100963.84,Efectivo (contra entrega),Entregado
T001929,C00454,P0102,2026-08-02,3,100820.99,302462.97,5,15123.15,0.0,287339.82,Mercado Pago,En camino
T001930,C00454,P0030,2025-08-11,1,42840.99,42840.99,20,8568.2,0.0,34272.79,Transferencia bancaria,Entregado
T001931,C00455,P0179,2025-11-07,4,39260.99,157043.96,15,23556.59,0.0,133487.37,Tarjeta de débito,Entregado
T001932,C00455,P0014,2025-11-06,2,68510.99,137021.98,0,0.0,0.0,137021.98,Efectivo (contra entrega),Entregado
T001933,C00455,P0165,2026-01-30,1,8750.99,8750.99,0,0.0,3700.38,12451.37,Tarjeta de crédito,Entregado
T001934,C00455,P0176,2026-03-29,1,81010.99,81010.99,0,0.0,0.0,81010.99,Tarjeta de débito,Entregado
T001935,C00455,P0149,2026-02-28,2,91760.99,183521.98,10,18352.2,0.0,165169.78,Tarjeta de débito,Cancelado
T001936,C00455,P0169,2026-01-13,1,116550.99,116550.99,0,0.0,0.0,116550.99,Efectivo (contra entrega),Entregado
T001937,C00458,P0024,2024-09-20,1,102000.99,102000.99,0,0.0,0.0,102000.99,Tarjeta de débito,Cancelado
T001938,C00458,P0056,2026-03-10,2,72090.99,144181.98,0,0.0,0.0,144181.98,Tarjeta de débito,Entregado
T001939,C00458,P0056,2023-04-17,1,72090.99,72090.99,0,0.0,0.0,72090.99,Mercado Pago,Entregado
T001940,C00458,P0068,2026-07-15,1,120640.99,120640.99,0,0.0,0.0,120640.99,Tarjeta de crédito,Entregado
T001941,C00458,P0108,2025-08-28,2,106640.99,213281.98,0,0.0,0.0,213281.98,Transferencia bancaria,Entregado
T001942,C00458,P0183,2025-12-26,1,28350.99,28350.99,0,0.0,3728.74,32079.73,Tarjeta de crédito,Entregado
T001943,C00458,P0002,2026-03-01,2,34510.99,69021.98,10,6902.2,0.0,62119.78,Mercado Pago,Entregado
T001944,C00458,P0171,2025-02-22,3,62510.99,187532.97,0,0.0,0.0,187532.97,Mercado Pago,En camino
T001945,C00459,P0020,2025-11-28,1,125770.99,125770.99,0,0.0,0.0,125770.99,Transferencia bancaria,Entregado
T001946,C00459,P0147,2025-11-20,2,92490.99,184981.98,0,0.0,0.0,184981.98,Efectivo (contra entrega),Entregado
T001947,C00459,P0097,2025-09-06,3,118090.99,354272.97,10,35427.3,0.0,318845.67,Transferencia bancaria,Entregado
T001948,C00459,P0120,2025-07-01,2,58730.99,117461.98,20,23492.4,0.0,93969.58,Tarjeta de crédito,Entregado
T001949,C00459,P0114,2025-11-11,2,17660.99,35321.98,0,0.0,0.0,35321.98,Mercado Pago,Entregado
T001950,C00459,P0120,2026-01-19,3,58730.99,176192.97,5,8809.65,0.0,167383.32,Mercado Pago,Entregado
T001951,C00459,P0059,2025-11-17,4,66790.99,267163.96,0,0.0,0.0,267163.96,Transferencia bancaria,Entregado
T001952,C00461,P0173,2026-01-02,1,7980.99,7980.99,0,0.0,3496.89,11477.88,Transferencia bancaria,Entregado
T001953,C00461,P0174,2025-07-30,1,50040.99,50040.99,10,5004.1,0.0,45036.89,Efectivo (contra entrega),Entregado
T001954,C00461,P0037,2023-09-26,2,4430.99,8861.98,5,443.1,1626.3,10045.18,Tarjeta de crédito,Entregado
T001955,C00461,P0001,2025-11-05,1,22660.99,22660.99,0,0.0,3792.09,26453.08,Efectivo (contra entrega),Entregado
T001956,C00461,P0182,2026-03-08,1,118780.99,118780.99,0,0.0,0.0,118780.99,Mercado Pago,Entregado
T001957,C00461,P0001,2025-08-10,1,22660.99,22660.99,0,0.0,2882.23,25543.22,Tarjeta de crédito,Preparando
T001958,C00462,P0071,2025-09-03,2,14390.99,28781.98,5,1439.1,3832.89,31175.77,Tarjeta de crédito,Entregado
T001959,C00462,P0111,2026-06-18,1,59100.99,59100.99,0,0.0,0.0,59100.99,Mercado Pago,Entregado
T001960,C00462,P0171,2024-04-22,1,62510.99,62510.99,15,9376.65,0.0,53134.34,Transferencia bancaria,En camino
T001961,C00462,P0111,2025-10-17,2,59100.99,118201.98,0,0.0,0.0,118201.98,Mercado Pago,En camino
T001962,C00462,P0081,2025-09-14,1,108380.99,108380.99,20,21676.2,0.0,86704.79,Tarjeta de crédito,Entregado
T001963,C00463,P0114,2024-01-09,1,17660.99,17660.99,20,3532.2,2289.52,16418.31,Tarjeta de débito,En camino
T001964,C00464,P0065,2025-05-01,2,36490.99,72981.98,0,0.0,0.0,72981.98,Transferencia bancaria,Entregado
T001965,C00464,P0115,2025-02-25,2,39000.99,78001.98,10,7800.2,0.0,70201.78,Transferencia bancaria,Entregado
T001966,C00465,P0043,2024-04-23,1,35310.99,35310.99,5,1765.55,0.0,33545.44,Tarjeta de débito,Entregado
T001967,C00465,P0034,2023-09-20,1,16800.99,16800.99,0,0.0,4242.51,21043.5,Transferencia bancaria,Entregado
T001968,C00465,P0161,2026-07-07,1,92880.99,92880.99,0,0.0,0.0,92880.99,Transferencia bancaria,Entregado
T001969,C00465,P0181,2023-12-09,1,14430.99,14430.99,10,1443.1,2956.32,15944.21,Transferencia bancaria,Entregado
T001970,C00465,P0001,2025-03-08,2,22660.99,45321.98,10,4532.2,0.0,40789.78,Mercado Pago,Cancelado
T001971,C00465,P0173,2026-05-17,1,7980.99,7980.99,0,0.0,2431.58,10412.57,Efectivo (contra entrega),Entregado
T001972,C00465,P0016,2023-07-05,1,82230.99,82230.99,0,0.0,0.0,82230.99,Efectivo (contra entrega),Entregado
T001973,C00466,P0158,2025-06-04,1,48410.99,48410.99,0,0.0,0.0,48410.99,Transferencia bancaria,Entregado
T001974,C00466,P0136,2024-09-16,2,47130.99,94261.98,0,0.0,0.0,94261.98,Mercado Pago,Entregado
T001975,C00466,P0073,2025-12-20,1,118250.99,118250.99,15,17737.65,0.0,100513.34,Mercado Pago,Entregado
T001976,C00466,P0078,2025-12-11,1,82230.99,82230.99,20,16446.2,0.0,65784.79,Tarjeta de débito,Entregado
T001977,C00466,P0179,2026-01-21,1,39260.99,39260.99,0,0.0,0.0,39260.99,Mercado Pago,Entregado
T001978,C00466,P0082,2023-06-27,1,70870.99,70870.99,0,0.0,0.0,70870.99,Tarjeta de débito,Entregado
T001979,C00466,P0013,2026-08-01,1,33690.99,33690.99,0,0.0,0.0,33690.99,Tarjeta de débito,Entregado
T001980,C00467,P0084,2024-10-13,1,106390.99,106390.99,0,0.0,0.0,106390.99,Efectivo (contra entrega),Entregado
T001981,C00467,P0028,2025-05-06,1,49350.99,49350.99,0,0.0,0.0,49350.99,Efectivo (contra entrega),Entregado
T001982,C00467,P0045,2026-08-09,1,2330.99,2330.99,0,0.0,3055.71,5386.7,Efectivo (contra entrega),Entregado
T001983,C00467,P0142,2026-07-02,2,80160.99,160321.98,20,32064.4,0.0,128257.58,Mercado Pago,Entregado
T001984,C00467,P0003,2026-03-31,2,95520.99,191041.98,0,0.0,0.0,191041.98,Tarjeta de débito,Entregado
T001985,C00467,P0113,2024-08-24,1,45170.99,45170.99,0,0.0,0.0,45170.99,Tarjeta de débito,Cancelado
T001986,C00467,P0010,2025-04-07,1,99010.99,99010.99,10,9901.1,0.0,89109.89,Efectivo (contra entrega),Entregado
T001987,C00467,P0181,2024-07-08,1,14430.99,14430.99,0,0.0,4252.44,18683.43,Transferencia bancaria,Cancelado
T001988,C00468,P0186,2026-06-11,1,100370.99,100370.99,10,10037.1,0.0,90333.89,Mercado Pago,Entregado
T001989,C00468,P0151,2026-05-17,2,43590.99,87181.98,5,4359.1,0.0,82822.88,Tarjeta de débito,Entregado
T001990,C00468,P0184,2026-05-18,1,11240.99,11240.99,0,0.0,1659.6,12900.59,Transferencia bancaria,Entregado
T001991,C00468,P0145,2026-05-19,1,60290.99,60290.99,0,0.0,0.0,60290.99,Tarjeta de crédito,Cancelado
T001992,C00468,P0016,2026-07-03,1,82230.99,82230.99,0,0.0,0.0,82230.99,Mercado Pago,Entregado
T001993,C00468,P0151,2026-05-21,1,43590.99,43590.99,5,2179.55,0.0,41411.44,Mercado Pago,Entregado
T001994,C00468,P0080,2026-05-26,1,16720.99,16720.99,5,836.05,3209.26,19094.2,Tarjeta de crédito,Cancelado
T001995,C00468,P0004,2026-06-28,2,73400.99,146801.98,0,0.0,0.0,146801.98,Tarjeta de débito,Entregado
T001996,C00468,P0159,2026-07-30,4,108820.99,435283.96,0,0.0,0.0,435283.96,Efectivo (contra entrega),Entregado
T001997,C00468,P0110,2026-07-04,1,148390.99,148390.99,0,0.0,0.0,148390.99,Efectivo (contra entrega),Entregado
T001998,C00468,P0036,2026-06-24,3,6740.99,20222.97,0,0.0,3118.84,23341.81,Mercado Pago,Entregado
T001999,C00468,P0081,2026-07-11,2,108380.99,216761.98,20,43352.4,0.0,173409.58,Mercado Pago,Entregado
T002000,C00468,P0101,2026-05-29,1,85420.99,85420.99,10,8542.1,0.0,76878.89,Tarjeta de crédito,Entregado
T002001,C00468,P0086,2026-05-17,1,17970.99,17970.99,5,898.55,3697.67,20770.11,Efectivo (contra entrega),Entregado
T002002,C00469,P0139,2025-11-13,2,76500.99,153001.98,0,0.0,0.0,153001.98,Transferencia bancaria,Entregado
T002003,C00469,P0133,2026-03-09,2,23360.99,46721.98,0,0.0,0.0,46721.98,Transferencia bancaria,Entregado
T002004,C00469,P0070,2025-05-09,1,59790.99,59790.99,15,8968.65,0.0,50822.34,Transferencia bancaria,Entregado
T002005,C00469,P0082,2026-05-10,1,70870.99,70870.99,0,0.0,0.0,70870.99,Tarjeta de débito,En camino
T002006,C00469,P0149,2026-08-09,1,91760.99,91760.99,0,0.0,0.0,91760.99,Mercado Pago,Entregado
T002007,C00469,P0168,2024-08-11,1,20280.99,20280.99,0,0.0,2704.28,22985.27,Tarjeta de crédito,Entregado
T002008,C00469,P0129,2025-01-12,1,121150.99,121150.99,10,12115.1,0.0,109035.89,Tarjeta de crédito,Entregado
T002009,C00469,P0064,2024-09-05,2,71270.99,142541.98,0,0.0,0.0,142541.98,Mercado Pago,Entregado
T002010,C00471,P0009,2026-04-25,1,76570.99,76570.99,20,15314.2,0.0,61256.79,Mercado Pago,Entregado
T002011,C00471,P0012,2026-03-25,1,113560.99,113560.99,0,0.0,0.0,113560.99,Efectivo (contra entrega),Preparando
T002012,C00471,P0103,2026-06-18,1,23150.99,23150.99,0,0.0,2017.18,25168.17,Transferencia bancaria,Entregado
T002013,C00473,P0013,2025-09-03,1,33690.99,33690.99,0,0.0,0.0,33690.99,Tarjeta de débito,Preparando
T002014,C00473,P0115,2026-06-06,1,39000.99,39000.99,0,0.0,0.0,39000.99,Tarjeta de débito,Preparando
T002015,C00474,P0019,2026-06-15,1,143070.99,143070.99,10,14307.1,0.0,128763.89,Tarjeta de crédito,Entregado
T002016,C00474,P0165,2025-09-24,3,8750.99,26252.97,15,3937.95,3880.94,26195.96,Mercado Pago,Entregado
T002017,C00475,P0128,2025-09-26,1,68490.99,68490.99,5,3424.55,0.0,65066.44,Tarjeta de débito,Entregado
T002018,C00475,P0184,2026-02-23,3,11240.99,33722.97,0,0.0,0.0,33722.97,Efectivo (contra entrega),Entregado
T002019,C00475,P0046,2025-11-09,3,18770.99,56312.97,15,8446.95,0.0,47866.02,Efectivo (contra entrega),Cancelado
T002020,C00475,P0153,2025-05-19,2,80540.99,161081.98,10,16108.2,0.0,144973.78,Efectivo (contra entrega),Cancelado
T002021,C00476,P0167,2024-05-01,1,116770.99,116770.99,0,0.0,0.0,116770.99,Transferencia bancaria,Entregado
T002022,C00476,P0126,2023-10-02,1,29260.99,29260.99,0,0.0,2574.96,31835.95,Transferencia bancaria,Preparando
T002023,C00477,P0185,2026-06-08,2,120880.99,241761.98,10,24176.2,0.0,217585.78,Efectivo (contra entrega),Entregado
T002024,C00477,P0084,2026-02-03,1,106390.99,106390.99,5,5319.55,0.0,101071.44,Efectivo (contra entrega),Preparando
T002025,C00478,P0174,2026-07-04,2,50040.99,100081.98,0,0.0,0.0,100081.98,Tarjeta de débito,Entregado
T002026,C00478,P0062,2026-05-24,1,80150.99,80150.99,0,0.0,0.0,80150.99,Mercado Pago,Entregado
T002027,C00478,P0183,2026-06-14,3,28350.99,85052.97,0,0.0,0.0,85052.97,Tarjeta de crédito,Entregado
T002028,C00478,P0006,2026-03-27,1,104670.99,104670.99,0,0.0,0.0,104670.99,Transferencia bancaria,Entregado
T002029,C00478,P0074,2026-07-13,1,73660.99,73660.99,0,0.0,0.0,73660.99,Mercado Pago,Cancelado
T002030,C00478,P0118,2026-08-01,2,39730.99,79461.98,5,3973.1,0.0,75488.88,Tarjeta de crédito,Entregado
T002031,C00480,P0019,2026-03-27,1,143070.99,143070.99,0,0.0,0.0,143070.99,Efectivo (contra entrega),Preparando
T002032,C00480,P0088,2025-08-06,1,32190.99,32190.99,0,0.0,0.0,32190.99,Tarjeta de crédito,Entregado
T002033,C00480,P0103,2025-02-06,1,23150.99,23150.99,0,0.0,2064.72,25215.71,Tarjeta de crédito,Cancelado
T002034,C00480,P0160,2023-09-18,2,143890.99,287781.98,5,14389.1,0.0,273392.88,Efectivo (contra entrega),Entregado
T002035,C00480,P0048,2023-07-26,1,21500.99,21500.99,0,0.0,2612.47,24113.46,Tarjeta de débito,Entregado
T002036,C00480,P0084,2024-02-21,1,106390.99,106390.99,15,15958.65,0.0,90432.34,Mercado Pago,Preparando
T002037,C00480,P0166,2023-05-25,1,11070.99,11070.99,0,0.0,2120.21,13191.2,Tarjeta de crédito,Entregado
T002038,C00482,P0185,2025-04-19,1,120880.99,120880.99,5,6044.05,0.0,114836.94,Tarjeta de crédito,Cancelado
T002039,C00484,P0005,2026-06-09,2,15670.99,31341.98,10,3134.2,0.0,28207.78,Transferencia bancaria,Cancelado
T002040,C00484,P0028,2023-07-06,2,49350.99,98701.98,0,0.0,0.0,98701.98,Tarjeta de crédito,En camino
T002041,C00484,P0082,2023-10-18,1,70870.99,70870.99,0,0.0,0.0,70870.99,Mercado Pago,Entregado
T002042,C00484,P0156,2024-07-05,2,23880.99,47761.98,0,0.0,0.0,47761.98,Mercado Pago,Entregado
T002043,C00484,P0101,2023-08-10,1,85420.99,85420.99,15,12813.15,0.0,72607.84,Mercado Pago,Entregado
T002044,C00484,P0172,2026-03-14,1,24980.99,24980.99,0,0.0,3970.66,28951.65,Tarjeta de débito,Entregado
T002045,C00484,P0151,2026-05-21,2,43590.99,87181.98,0,0.0,0.0,87181.98,Transferencia bancaria,Entregado
T002046,C00486,P0127,2025-08-29,2,53930.99,107861.98,0,0.0,0.0,107861.98,Tarjeta de crédito,Entregado
T002047,C00486,P0084,2024-05-20,1,106390.99,106390.99,0,0.0,0.0,106390.99,Transferencia bancaria,Preparando
T002048,C00486,P0066,2024-04-11,1,32260.99,32260.99,0,0.0,0.0,32260.99,Mercado Pago,Entregado
T002049,C00486,P0012,2026-08-04,3,113560.99,340682.97,5,17034.15,0.0,323648.82,Mercado Pago,Entregado
T002050,C00486,P0183,2024-06-21,1,28350.99,28350.99,0,0.0,3210.33,31561.32,Tarjeta de crédito,Entregado
T002051,C00486,P0090,2026-05-24,1,83690.99,83690.99,15,12553.65,0.0,71137.34,Tarjeta de crédito,Entregado
T002052,C00486,P0004,2025-12-24,1,73400.99,73400.99,0,0.0,0.0,73400.99,Tarjeta de crédito,Entregado
T002053,C00487,P0088,2026-04-10,1,32190.99,32190.99,0,0.0,0.0,32190.99,Transferencia bancaria,Entregado
T002054,C00487,P0047,2026-07-29,1,14020.99,14020.99,10,1402.1,3919.23,16538.12,Efectivo (contra entrega),Entregado
T002055,C00487,P0157,2026-08-06,1,2850.99,2850.99,5,142.55,2826.07,5534.51,Efectivo (contra entrega),Entregado
T002056,C00487,P0073,2026-04-22,2,118250.99,236501.98,0,0.0,0.0,236501.98,Mercado Pago,Entregado
T002057,C00487,P0132,2026-08-07,1,34240.99,34240.99,0,0.0,0.0,34240.99,Mercado Pago,Entregado
T002058,C00488,P0032,2023-02-03,1,46630.99,46630.99,0,0.0,0.0,46630.99,Transferencia bancaria,Entregado
T002059,C00489,P0029,2026-03-29,1,42890.99,42890.99,0,0.0,0.0,42890.99,Tarjeta de débito,Entregado
T002060,C00490,P0127,2026-08-04,1,53930.99,53930.99,5,2696.55,0.0,51234.44,Transferencia bancaria,Entregado
T002061,C00490,P0110,2026-06-21,1,148390.99,148390.99,0,0.0,0.0,148390.99,Efectivo (contra entrega),Entregado
T002062,C00490,P0115,2026-06-10,1,39000.99,39000.99,0,0.0,0.0,39000.99,Tarjeta de crédito,Entregado
T002063,C00490,P0180,2026-07-06,1,10110.99,10110.99,0,0.0,3102.82,13213.81,Tarjeta de débito,Entregado
T002064,C00490,P0036,2026-06-20,2,6740.99,13481.98,0,0.0,1615.29,15097.27,Tarjeta de débito,Preparando
T002065,C00490,P0023,2026-07-29,1,99980.99,99980.99,0,0.0,0.0,99980.99,Transferencia bancaria,Entregado
T002066,C00490,P0175,2026-07-17,2,30670.99,61341.98,0,0.0,0.0,61341.98,Tarjeta de crédito,Entregado
T002067,C00491,P0063,2025-08-22,1,64680.99,64680.99,0,0.0,0.0,64680.99,Transferencia bancaria,En camino
T002068,C00491,P0052,2026-08-01,3,93290.99,279872.97,5,13993.65,0.0,265879.32,Efectivo (contra entrega),Entregado
T002069,C00491,P0106,2026-01-25,1,12090.99,12090.99,15,1813.65,2213.01,12490.35,Mercado Pago,Entregado
T002070,C00491,P0166,2026-02-23,1,11070.99,11070.99,20,2214.2,2864.95,11721.74,Tarjeta de débito,Preparando
T002071,C00491,P0042,2026-01-29,1,80280.99,80280.99,15,12042.15,0.0,68238.84,Mercado Pago,Entregado
T002072,C00491,P0104,2025-09-07,1,56920.99,56920.99,0,0.0,0.0,56920.99,Mercado Pago,Cancelado
T002073,C00492,P0044,2025-01-19,1,73620.99,73620.99,0,0.0,0.0,73620.99,Tarjeta de débito,En camino
T002074,C00492,P0073,2026-07-02,1,118250.99,118250.99,0,0.0,0.0,118250.99,Tarjeta de débito,Preparando
T002075,C00492,P0086,2026-02-07,4,17970.99,71883.96,0,0.0,0.0,71883.96,Tarjeta de débito,Entregado
T002076,C00493,P0007,2025-01-05,1,16940.99,16940.99,0,0.0,3700.35,20641.34,Transferencia bancaria,Entregado
T002077,C00493,P0046,2026-08-09,1,18770.99,18770.99,0,0.0,3496.12,22267.11,Efectivo (contra entrega),Entregado
T002078,C00493,P0048,2025-02-26,1,21500.99,21500.99,0,0.0,2072.9,23573.89,Efectivo (contra entrega),Entregado
T002079,C00493,P0180,2024-08-23,1,10110.99,10110.99,0,0.0,4087.32,14198.31,Mercado Pago,En camino
T002080,C00493,P0094,2024-05-05,1,27390.99,27390.99,0,0.0,1923.99,29314.98,Transferencia bancaria,Entregado
T002081,C00494,P0128,2026-07-23,3,68490.99,205472.97,20,41094.59,0.0,164378.38,Transferencia bancaria,Preparando
T002082,C00494,P0007,2026-07-22,1,16940.99,16940.99,0,0.0,3155.08,20096.07,Transferencia bancaria,Entregado
T002083,C00494,P0131,2026-07-23,3,17990.99,53972.97,0,0.0,0.0,53972.97,Tarjeta de crédito,Cancelado
T002084,C00494,P0124,2026-08-11,1,55570.99,55570.99,0,0.0,0.0,55570.99,Mercado Pago,Entregado
T002085,C00495,P0101,2025-03-29,1,85420.99,85420.99,10,8542.1,0.0,76878.89,Efectivo (contra entrega),Entregado
T002086,C00495,P0182,2025-10-01,2,118780.99,237561.98,0,0.0,0.0,237561.98,Transferencia bancaria,Entregado
T002087,C00496,P0066,2024-07-08,2,32260.99,64521.98,0,0.0,0.0,64521.98,Mercado Pago,Cancelado
T002088,C00496,P0037,2026-06-24,1,4430.99,4430.99,10,443.1,3091.76,7079.65,Tarjeta de crédito,Entregado
T002089,C00496,P0118,2023-05-13,1,39730.99,39730.99,10,3973.1,0.0,35757.89,Tarjeta de crédito,Entregado
T002090,C00497,P0178,2025-12-25,2,82810.99,165621.98,0,0.0,0.0,165621.98,Mercado Pago,Entregado
T002091,C00497,P0112,2025-12-07,1,52410.99,52410.99,0,0.0,0.0,52410.99,Tarjeta de crédito,Entregado
T002092,C00497,P0045,2025-09-09,1,2330.99,2330.99,15,349.65,3250.35,5231.69,Transferencia bancaria,En camino
T002093,C00497,P0134,2026-07-25,1,73170.99,73170.99,0,0.0,0.0,73170.99,Efectivo (contra entrega),Entregado
T002094,C00497,P0181,2026-04-10,1,14430.99,14430.99,15,2164.65,1989.77,14256.11,Efectivo (contra entrega),Entregado
T002095,C00497,P0117,2025-11-08,1,122170.99,122170.99,0,0.0,0.0,122170.99,Mercado Pago,Entregado
T002096,C00497,P0179,2026-04-27,1,39260.99,39260.99,15,5889.15,0.0,33371.84,Tarjeta de débito,Cancelado
T002097,C00497,P0010,2026-04-09,3,99010.99,297032.97,0,0.0,0.0,297032.97,Transferencia bancaria,Entregado
T002098,C00498,P0164,2026-05-10,1,32940.99,32940.99,0,0.0,0.0,32940.99,Mercado Pago,Entregado
T002099,C00498,P0101,2026-06-12,3,85420.99,256262.97,0,0.0,0.0,256262.97,Tarjeta de crédito,Entregado
T002100,C00498,P0029,2025-04-04,4,42890.99,171563.96,15,25734.59,0.0,145829.37,Mercado Pago,Entregado
T002101,C00498,P0073,2026-07-26,4,118250.99,473003.96,15,70950.59,0.0,402053.37,Tarjeta de débito,Entregado
T002102,C00498,P0027,2026-03-30,1,66770.99,66770.99,5,3338.55,0.0,63432.44,Tarjeta de crédito,Preparando
T002103,C00499,P0029,2026-04-24,2,42890.99,85781.98,5,4289.1,0.0,81492.88,Mercado Pago,Cancelado
T002104,C00500,P0049,2023-03-08,2,113080.99,226161.98,15,33924.3,0.0,192237.68,Efectivo (contra entrega),Entregado
T002105,C00501,P0075,2026-03-26,1,51680.99,51680.99,15,7752.15,0.0,43928.84,Tarjeta de débito,Entregado
T002106,C00502,P0042,2023-10-13,2,80280.99,160561.98,0,0.0,0.0,160561.98,Efectivo (contra entrega),Entregado
T002107,C00502,P0108,2023-03-15,3,106640.99,319922.97,0,0.0,0.0,319922.97,Tarjeta de débito,Entregado
T002108,C00502,P0105,2024-12-15,1,8040.99,8040.99,0,0.0,2419.91,10460.9,Transferencia bancaria,Entregado
T002109,C00502,P0013,2023-08-27,1,33690.99,33690.99,0,0.0,0.0,33690.99,Transferencia bancaria,Cancelado
T002110,C00503,P0055,2025-03-09,1,90690.99,90690.99,0,0.0,0.0,90690.99,Efectivo (contra entrega),Entregado
T002111,C00503,P0065,2024-01-09,1,36490.99,36490.99,0,0.0,0.0,36490.99,Tarjeta de débito,Entregado
T002112,C00503,P0145,2025-07-11,3,60290.99,180872.97,0,0.0,0.0,180872.97,Mercado Pago,Entregado
T002113,C00503,P0110,2024-06-25,1,148390.99,148390.99,0,0.0,0.0,148390.99,Transferencia bancaria,En camino
T002114,C00503,P0181,2025-11-30,1,14430.99,14430.99,0,0.0,4328.72,18759.71,Efectivo (contra entrega),Entregado
T002115,C00503,P0165,2024-09-15,1,8750.99,8750.99,0,0.0,1749.92,10500.91,Tarjeta de crédito,Entregado
T002116,C00503,P0062,2025-08-01,2,80150.99,160301.98,15,24045.3,0.0,136256.68,Tarjeta de crédito,Preparando
T002117,C00504,P0123,2026-06-01,2,57150.99,114301.98,10,11430.2,0.0,102871.78,Tarjeta de crédito,Entregado
T002118,C00504,P0183,2025-12-16,1,28350.99,28350.99,0,0.0,3215.73,31566.72,Tarjeta de crédito,Entregado
T002119,C00507,P0045,2025-10-09,1,2330.99,2330.99,10,233.1,4110.48,6208.37,Tarjeta de débito,Entregado
T002120,C00507,P0085,2026-02-14,1,69850.99,69850.99,20,13970.2,0.0,55880.79,Mercado Pago,Cancelado
T002121,C00508,P0018,2024-06-17,1,88340.99,88340.99,5,4417.05,0.0,83923.94,Tarjeta de débito,Entregado
T002122,C00508,P0136,2026-02-18,1,47130.99,47130.99,5,2356.55,0.0,44774.44,Tarjeta de crédito,Entregado
T002123,C00508,P0007,2025-10-10,2,16940.99,33881.98,0,0.0,0.0,33881.98,Tarjeta de débito,Entregado
T002124,C00508,P0151,2025-01-01,1,43590.99,43590.99,5,2179.55,0.0,41411.44,Efectivo (contra entrega),Entregado
T002125,C00508,P0137,2026-06-05,1,37150.99,37150.99,10,3715.1,0.0,33435.89,Transferencia bancaria,Entregado
T002126,C00508,P0115,2026-01-27,1,39000.99,39000.99,0,0.0,0.0,39000.99,Efectivo (contra entrega),Entregado
T002127,C00508,P0104,2024-02-25,2,56920.99,113841.98,0,0.0,0.0,113841.98,Tarjeta de crédito,Entregado
T002128,C00508,P0096,2024-08-05,1,32440.99,32440.99,20,6488.2,0.0,25952.79,Efectivo (contra entrega),Entregado
T002129,C00509,P0006,2024-07-30,4,104670.99,418683.96,5,20934.2,0.0,397749.76,Tarjeta de crédito,Entregado
T002130,C00509,P0115,2024-06-22,1,39000.99,39000.99,10,3900.1,0.0,35100.89,Tarjeta de débito,Entregado
T002131,C00509,P0009,2026-01-28,1,76570.99,76570.99,5,3828.55,0.0,72742.44,Efectivo (contra entrega),Entregado
T002132,C00509,P0078,2025-04-29,1,82230.99,82230.99,5,4111.55,0.0,78119.44,Mercado Pago,Entregado
T002133,C00509,P0022,2023-04-19,2,86110.99,172221.98,5,8611.1,0.0,163610.88,Mercado Pago,Entregado
T002134,C00509,P0153,2023-04-16,1,80540.99,80540.99,0,0.0,0.0,80540.99,Transferencia bancaria,Entregado
T002135,C00510,P0042,2023-08-09,3,80280.99,240842.97,0,0.0,0.0,240842.97,Transferencia bancaria,Entregado
T002136,C00510,P0075,2024-12-22,1,51680.99,51680.99,10,5168.1,0.0,46512.89,Tarjeta de crédito,Entregado
T002137,C00510,P0014,2025-10-17,4,68510.99,274043.96,5,13702.2,0.0,260341.76,Mercado Pago,Entregado
T002138,C00510,P0028,2023-12-18,1,49350.99,49350.99,5,2467.55,0.0,46883.44,Efectivo (contra entrega),Cancelado
T002139,C00512,P0005,2024-09-28,1,15670.99,15670.99,0,0.0,3932.9,19603.89,Mercado Pago,Entregado
T002140,C00512,P0052,2025-02-28,2,93290.99,186581.98,0,0.0,0.0,186581.98,Tarjeta de débito,Cancelado
T002141,C00512,P0036,2025-11-12,1,6740.99,6740.99,0,0.0,3572.59,10313.58,Transferencia bancaria,Entregado
T002142,C00512,P0048,2025-09-27,1,21500.99,21500.99,10,2150.1,4335.64,23686.53,Transferencia bancaria,Entregado
T002143,C00512,P0026,2023-12-29,1,71960.99,71960.99,0,0.0,0.0,71960.99,Transferencia bancaria,Entregado
T002144,C00512,P0154,2023-10-09,3,30800.99,92402.97,15,13860.45,0.0,78542.52,Transferencia bancaria,En camino
T002145,C00512,P0163,2024-07-22,4,64460.99,257843.96,5,12892.2,0.0,244951.76,Tarjeta de crédito,Entregado
T002146,C00512,P0172,2024-02-28,1,24980.99,24980.99,10,2498.1,4216.09,26698.98,Tarjeta de débito,Entregado
T002147,C00514,P0179,2025-11-25,1,39260.99,39260.99,0,0.0,0.0,39260.99,Tarjeta de débito,Entregado
T002148,C00514,P0101,2025-06-18,1,85420.99,85420.99,0,0.0,0.0,85420.99,Efectivo (contra entrega),Entregado
T002149,C00515,P0184,2026-07-09,1,11240.99,11240.99,0,0.0,3671.19,14912.18,Tarjeta de débito,Entregado
T002150,C00515,P0049,2024-12-15,1,113080.99,113080.99,5,5654.05,0.0,107426.94,Tarjeta de crédito,Entregado
T002151,C00515,P0010,2024-10-20,1,99010.99,99010.99,0,0.0,0.0,99010.99,Mercado Pago,Entregado
T002152,C00515,P0174,2026-04-20,1,50040.99,50040.99,0,0.0,0.0,50040.99,Tarjeta de débito,Entregado
T002153,C00517,P0059,2025-01-30,3,66790.99,200372.97,5,10018.65,0.0,190354.32,Mercado Pago,Entregado
T002154,C00517,P0038,2026-03-23,1,69100.99,69100.99,0,0.0,0.0,69100.99,Tarjeta de débito,Entregado
T002155,C00517,P0047,2026-02-04,1,14020.99,14020.99,0,0.0,2620.06,16641.05,Tarjeta de débito,Entregado
T002156,C00517,P0074,2023-11-16,1,73660.99,73660.99,20,14732.2,0.0,58928.79,Transferencia bancaria,Entregado
T002157,C00517,P0173,2025-03-07,1,7980.99,7980.99,0,0.0,4333.73,12314.72,Mercado Pago,Entregado
T002158,C00517,P0023,2026-05-05,1,99980.99,99980.99,15,14997.15,0.0,84983.84,Mercado Pago,Entregado
T002159,C00518,P0028,2023-12-06,1,49350.99,49350.99,10,4935.1,0.0,44415.89,Tarjeta de débito,Entregado
T002160,C00518,P0025,2024-03-02,3,22880.99,68642.97,10,6864.3,0.0,61778.67,Tarjeta de débito,Entregado
T002161,C00518,P0159,2024-12-14,2,108820.99,217641.98,5,10882.1,0.0,206759.88,Tarjeta de débito,En camino
T002162,C00518,P0132,2026-06-18,1,34240.99,34240.99,0,0.0,0.0,34240.99,Efectivo (contra entrega),Entregado
T002163,C00518,P0127,2025-06-01,2,53930.99,107861.98,0,0.0,0.0,107861.98,Mercado Pago,Entregado
T002164,C00518,P0172,2023-05-08,1,24980.99,24980.99,0,0.0,3307.8,28288.79,Mercado Pago,Preparando
T002165,C00520,P0096,2026-07-03,1,32440.99,32440.99,0,0.0,0.0,32440.99,Tarjeta de débito,Entregado
T002166,C00520,P0129,2026-07-31,1,121150.99,121150.99,10,12115.1,0.0,109035.89,Tarjeta de débito,Entregado
T002167,C00520,P0124,2026-07-10,1,55570.99,55570.99,0,0.0,0.0,55570.99,Transferencia bancaria,En camino
T002168,C00520,P0084,2026-06-04,1,106390.99,106390.99,10,10639.1,0.0,95751.89,Transferencia bancaria,Cancelado
T002169,C00520,P0072,2026-07-05,4,60590.99,242363.96,5,12118.2,0.0,230245.76,Tarjeta de débito,Entregado
T002170,C00520,P0042,2026-07-29,3,80280.99,240842.97,0,0.0,0.0,240842.97,Tarjeta de crédito,Entregado
T002171,C00520,P0019,2026-06-05,2,143070.99,286141.98,0,0.0,0.0,286141.98,Mercado Pago,En camino
T002172,C00520,P0052,2026-07-17,1,93290.99,93290.99,0,0.0,0.0,93290.99,Tarjeta de crédito,Entregado
T002173,C00520,P0004,2026-07-24,1,73400.99,73400.99,0,0.0,0.0,73400.99,Tarjeta de crédito,Entregado
T002174,C00520,P0019,2026-07-22,1,143070.99,143070.99,10,14307.1,0.0,128763.89,Transferencia bancaria,Entregado
T002175,C00520,P0126,2026-06-16,2,29260.99,58521.98,20,11704.4,0.0,46817.58,Transferencia bancaria,Entregado
T002176,C00520,P0008,2026-07-13,1,44030.99,44030.99,0,0.0,0.0,44030.99,Tarjeta de crédito,Entregado
T002177,C00520,P0086,2026-06-14,3,17970.99,53912.97,0,0.0,0.0,53912.97,Efectivo (contra entrega),Entregado
T002178,C00521,P0034,2026-07-05,1,16800.99,16800.99,0,0.0,2468.41,19269.4,Tarjeta de crédito,Entregado
T002179,C00521,P0074,2026-07-30,2,73660.99,147321.98,0,0.0,0.0,147321.98,Mercado Pago,Entregado
T002180,C00521,P0046,2026-07-07,2,18770.99,37541.98,0,0.0,0.0,37541.98,Transferencia bancaria,Entregado
T002181,C00521,P0157,2026-07-29,1,2850.99,2850.99,0,0.0,2479.83,5330.82,Tarjeta de crédito,En camino
T002182,C00521,P0173,2026-07-16,1,7980.99,7980.99,0,0.0,3769.47,11750.46,Efectivo (contra entrega),Entregado
T002183,C00523,P0143,2025-08-13,2,78310.99,156621.98,0,0.0,0.0,156621.98,Tarjeta de crédito,Entregado
T002184,C00523,P0113,2025-06-09,1,45170.99,45170.99,0,0.0,0.0,45170.99,Tarjeta de débito,Entregado
T002185,C00523,P0013,2026-08-02,1,33690.99,33690.99,0,0.0,0.0,33690.99,Tarjeta de crédito,Entregado
T002186,C00523,P0086,2024-10-28,1,17970.99,17970.99,10,1797.1,2977.37,19151.26,Efectivo (contra entrega),Entregado
T002187,C00523,P0034,2026-05-16,1,16800.99,16800.99,10,1680.1,3583.76,18704.65,Tarjeta de crédito,Entregado
T002188,C00523,P0043,2024-12-22,2,35310.99,70621.98,0,0.0,0.0,70621.98,Mercado Pago,Entregado
T002189,C00523,P0124,2025-02-02,1,55570.99,55570.99,0,0.0,0.0,55570.99,Tarjeta de crédito,Entregado
T002190,C00525,P0178,2026-06-09,2,82810.99,165621.98,0,0.0,0.0,165621.98,Tarjeta de débito,Entregado
T002191,C00525,P0167,2026-07-24,2,116770.99,233541.98,15,35031.3,0.0,198510.68,Tarjeta de débito,Cancelado
T002192,C00525,P0089,2026-08-02,1,70110.99,70110.99,0,0.0,0.0,70110.99,Transferencia bancaria,Entregado
T002193,C00525,P0162,2026-07-25,1,60870.99,60870.99,10,6087.1,0.0,54783.89,Transferencia bancaria,Entregado
T002194,C00525,P0110,2026-07-29,1,148390.99,148390.99,0,0.0,0.0,148390.99,Tarjeta de débito,Entregado
T002195,C00525,P0133,2026-07-16,1,23360.99,23360.99,0,0.0,2548.14,25909.13,Mercado Pago,Entregado
T002196,C00525,P0035,2026-07-29,1,7230.99,7230.99,10,723.1,2691.54,9199.43,Tarjeta de crédito,Entregado
T002197,C00526,P0183,2026-07-27,1,28350.99,28350.99,0,0.0,3032.64,31383.63,Tarjeta de débito,Entregado
T002198,C00526,P0116,2024-05-06,2,25880.99,51761.98,0,0.0,0.0,51761.98,Mercado Pago,Entregado
T002199,C00526,P0126,2025-10-10,1,29260.99,29260.99,5,1463.05,2854.95,30652.89,Efectivo (contra entrega),Entregado
T002200,C00526,P0097,2026-03-28,2,118090.99,236181.98,0,0.0,0.0,236181.98,Transferencia bancaria,Entregado
T002201,C00526,P0148,2024-11-10,2,86710.99,173421.98,5,8671.1,0.0,164750.88,Tarjeta de débito,Preparando
T002202,C00526,P0033,2025-03-24,2,38270.99,76541.98,5,3827.1,0.0,72714.88,Tarjeta de débito,Entregado
T002203,C00526,P0167,2024-05-03,2,116770.99,233541.98,10,23354.2,0.0,210187.78,Tarjeta de crédito,Entregado
T002204,C00526,P0059,2025-06-02,1,66790.99,66790.99,0,0.0,0.0,66790.99,Mercado Pago,Preparando
T002205,C00526,P0151,2026-04-16,1,43590.99,43590.99,0,0.0,0.0,43590.99,Tarjeta de débito,Entregado
T002206,C00526,P0168,2024-09-29,2,20280.99,40561.98,0,0.0,0.0,40561.98,Transferencia bancaria,Cancelado
T002207,C00526,P0003,2026-04-26,2,95520.99,191041.98,0,0.0,0.0,191041.98,Tarjeta de débito,Entregado
T002208,C00526,P0063,2026-07-20,3,64680.99,194042.97,0,0.0,0.0,194042.97,Tarjeta de débito,Entregado
T002209,C00526,P0155,2025-03-31,1,108460.99,108460.99,0,0.0,0.0,108460.99,Tarjeta de crédito,Entregado
T002210,C00526,P0041,2026-08-07,1,34130.99,34130.99,10,3413.1,0.0,30717.89,Tarjeta de crédito,Cancelado
T002211,C00526,P0116,2025-05-10,1,25880.99,25880.99,0,0.0,3204.33,29085.32,Tarjeta de crédito,Entregado
T002212,C00528,P0064,2024-01-01,1,71270.99,71270.99,0,0.0,0.0,71270.99,Tarjeta de crédito,Preparando
T002213,C00528,P0156,2024-08-18,1,23880.99,23880.99,5,1194.05,2392.41,25079.35,Tarjeta de crédito,Entregado
T002214,C00528,P0010,2025-09-17,1,99010.99,99010.99,0,0.0,0.0,99010.99,Tarjeta de débito,Cancelado
T002215,C00528,P0069,2025-05-24,1,26180.99,26180.99,5,1309.05,4357.27,29229.21,Transferencia bancaria,En camino
T002216,C00528,P0132,2024-11-22,1,34240.99,34240.99,0,0.0,0.0,34240.99,Transferencia bancaria,Entregado
T002217,C00528,P0132,2024-04-07,2,34240.99,68481.98,0,0.0,0.0,68481.98,Mercado Pago,Entregado
T002218,C00528,P0112,2026-08-09,1,52410.99,52410.99,0,0.0,0.0,52410.99,Tarjeta de débito,Entregado
T002219,C00529,P0154,2026-05-28,1,30800.99,30800.99,5,1540.05,0.0,29260.94,Transferencia bancaria,Entregado
T002220,C00529,P0048,2026-06-12,1,21500.99,21500.99,0,0.0,2025.07,23526.06,Tarjeta de crédito,Entregado
T002221,C00529,P0108,2026-08-01,1,106640.99,106640.99,20,21328.2,0.0,85312.79,Mercado Pago,Preparando
T002222,C00529,P0104,2026-07-23,2,56920.99,113841.98,0,0.0,0.0,113841.98,Mercado Pago,Entregado
T002223,C00529,P0041,2026-06-23,3,34130.99,102392.97,0,0.0,0.0,102392.97,Tarjeta de crédito,Entregado
T002224,C00529,P0126,2026-05-20,4,29260.99,117043.96,0,0.0,0.0,117043.96,Transferencia bancaria,Entregado
T002225,C00529,P0092,2026-07-31,1,67840.99,67840.99,5,3392.05,0.0,64448.94,Tarjeta de crédito,En camino
T002226,C00529,P0057,2026-07-22,1,2250.99,2250.99,0,0.0,2601.89,4852.88,Efectivo (contra entrega),En camino
T002227,C00529,P0012,2026-06-04,1,113560.99,113560.99,5,5678.05,0.0,107882.94,Efectivo (contra entrega),Entregado
T002228,C00530,P0161,2025-11-07,1,92880.99,92880.99,5,4644.05,0.0,88236.94,Tarjeta de débito,Entregado
T002229,C00530,P0106,2024-08-09,1,12090.99,12090.99,0,0.0,4450.54,16541.53,Tarjeta de débito,Entregado
T002230,C00531,P0023,2025-04-10,1,99980.99,99980.99,15,14997.15,0.0,84983.84,Transferencia bancaria,Entregado
T002231,C00531,P0137,2025-12-27,1,37150.99,37150.99,0,0.0,0.0,37150.99,Tarjeta de débito,Entregado
T002232,C00531,P0158,2025-05-15,1,48410.99,48410.99,0,0.0,0.0,48410.99,Efectivo (contra entrega),Entregado
T002233,C00531,P0096,2026-08-01,2,32440.99,64881.98,0,0.0,0.0,64881.98,Efectivo (contra entrega),Entregado
T002234,C00531,P0146,2026-05-20,3,77950.99,233852.97,20,46770.59,0.0,187082.38,Mercado Pago,Entregado
T002235,C00531,P0056,2025-05-28,1,72090.99,72090.99,10,7209.1,0.0,64881.89,Efectivo (contra entrega),Entregado
T002236,C00531,P0108,2026-03-22,1,106640.99,106640.99,10,10664.1,0.0,95976.89,Transferencia bancaria,Entregado
T002237,C00531,P0036,2025-05-31,1,6740.99,6740.99,0,0.0,1835.64,8576.63,Tarjeta de crédito,Entregado
T002238,C00532,P0075,2024-04-04,1,51680.99,51680.99,0,0.0,0.0,51680.99,Tarjeta de débito,Cancelado
T002239,C00532,P0084,2024-08-20,2,106390.99,212781.98,5,10639.1,0.0,202142.88,Transferencia bancaria,En camino
T002240,C00532,P0014,2024-12-31,1,68510.99,68510.99,5,3425.55,0.0,65085.44,Efectivo (contra entrega),En camino
T002241,C00532,P0061,2026-05-26,3,29560.99,88682.97,0,0.0,0.0,88682.97,Tarjeta de débito,En camino
T002242,C00532,P0089,2026-06-30,1,70110.99,70110.99,5,3505.55,0.0,66605.44,Tarjeta de crédito,Entregado
T002243,C00532,P0056,2026-07-07,1,72090.99,72090.99,5,3604.55,0.0,68486.44,Tarjeta de débito,Entregado
T002244,C00533,P0181,2025-12-09,2,14430.99,28861.98,20,5772.4,3899.81,26989.39,Tarjeta de crédito,Entregado
T002245,C00533,P0096,2026-06-20,1,32440.99,32440.99,0,0.0,0.0,32440.99,Mercado Pago,Entregado
T002246,C00533,P0024,2026-07-10,2,102000.99,204001.98,0,0.0,0.0,204001.98,Tarjeta de débito,Entregado
T002247,C00533,P0096,2026-03-18,1,32440.99,32440.99,0,0.0,0.0,32440.99,Tarjeta de débito,Entregado
T002248,C00533,P0098,2025-11-26,2,66450.99,132901.98,5,6645.1,0.0,126256.88,Transferencia bancaria,Entregado
T002249,C00533,P0136,2026-05-09,3,47130.99,141392.97,0,0.0,0.0,141392.97,Transferencia bancaria,Entregado
T002250,C00534,P0125,2026-03-06,1,138210.99,138210.99,0,0.0,0.0,138210.99,Tarjeta de débito,Entregado
T002251,C00534,P0116,2025-01-18,1,25880.99,25880.99,5,1294.05,4258.67,28845.61,Efectivo (contra entrega),Entregado
T002252,C00535,P0075,2025-09-10,1,51680.99,51680.99,20,10336.2,0.0,41344.79,Mercado Pago,Entregado
T002253,C00535,P0087,2024-11-25,1,92990.99,92990.99,5,4649.55,0.0,88341.44,Transferencia bancaria,Preparando
T002254,C00535,P0050,2025-10-27,2,5120.99,10241.98,10,1024.2,2768.11,11985.89,Mercado Pago,Entregado
T002255,C00535,P0032,2025-01-13,3,46630.99,139892.97,5,6994.65,0.0,132898.32,Transferencia bancaria,Cancelado
T002256,C00535,P0144,2024-12-01,1,136210.99,136210.99,0,0.0,0.0,136210.99,Transferencia bancaria,Preparando
T002257,C00535,P0123,2023-03-04,1,57150.99,57150.99,0,0.0,0.0,57150.99,Tarjeta de crédito,Entregado
T002258,C00536,P0043,2024-12-14,1,35310.99,35310.99,0,0.0,0.0,35310.99,Transferencia bancaria,Entregado
T002259,C00536,P0055,2024-12-22,1,90690.99,90690.99,0,0.0,0.0,90690.99,Transferencia bancaria,Entregado
T002260,C00536,P0014,2025-07-11,1,68510.99,68510.99,0,0.0,0.0,68510.99,Tarjeta de débito,Entregado
T002261,C00536,P0079,2026-08-10,1,9850.99,9850.99,5,492.55,1584.71,10943.15,Tarjeta de crédito,Entregado
T002262,C00536,P0069,2023-08-25,1,26180.99,26180.99,0,0.0,3591.39,29772.38,Efectivo (contra entrega),Entregado
T002263,C00537,P0049,2024-09-13,2,113080.99,226161.98,0,0.0,0.0,226161.98,Efectivo (contra entrega),Entregado
T002264,C00537,P0056,2025-11-21,1,72090.99,72090.99,15,10813.65,0.0,61277.34,Tarjeta de débito,Entregado
T002265,C00538,P0007,2026-01-04,1,16940.99,16940.99,0,0.0,1829.02,18770.01,Tarjeta de crédito,Entregado
T002266,C00538,P0078,2026-05-20,1,82230.99,82230.99,0,0.0,0.0,82230.99,Tarjeta de débito,Entregado
T002267,C00539,P0164,2025-11-16,1,32940.99,32940.99,0,0.0,0.0,32940.99,Efectivo (contra entrega),Entregado
T002268,C00540,P0002,2026-07-23,1,34510.99,34510.99,0,0.0,0.0,34510.99,Tarjeta de crédito,Entregado
T002269,C00540,P0092,2026-05-19,1,67840.99,67840.99,0,0.0,0.0,67840.99,Efectivo (contra entrega),Entregado
T002270,C00540,P0120,2026-03-26,1,58730.99,58730.99,0,0.0,0.0,58730.99,Transferencia bancaria,Entregado
T002271,C00540,P0172,2026-07-31,1,24980.99,24980.99,0,0.0,3581.44,28562.43,Tarjeta de crédito,Entregado
T002272,C00540,P0104,2026-02-18,1,56920.99,56920.99,0,0.0,0.0,56920.99,Transferencia bancaria,Entregado
T002273,C00540,P0104,2025-12-12,1,56920.99,56920.99,0,0.0,0.0,56920.99,Mercado Pago,Preparando
T002274,C00540,P0035,2025-10-26,1,7230.99,7230.99,0,0.0,2229.7,9460.69,Tarjeta de débito,Cancelado
T002275,C00540,P0084,2026-08-04,1,106390.99,106390.99,0,0.0,0.0,106390.99,Tarjeta de débito,Entregado
T002276,C00540,P0142,2026-02-11,1,80160.99,80160.99,20,16032.2,0.0,64128.79,Mercado Pago,Entregado
T002277,C00540,P0113,2026-02-08,1,45170.99,45170.99,20,9034.2,0.0,36136.79,Efectivo (contra entrega),Entregado
T002278,C00540,P0055,2026-03-20,1,90690.99,90690.99,0,0.0,0.0,90690.99,Tarjeta de débito,Entregado
T002279,C00540,P0179,2026-02-17,1,39260.99,39260.99,5,1963.05,0.0,37297.94,Mercado Pago,Entregado
T002280,C00540,P0128,2026-03-06,1,68490.99,68490.99,10,6849.1,0.0,61641.89,Mercado Pago,Entregado
T002281,C00541,P0082,2024-12-11,1,70870.99,70870.99,0,0.0,0.0,70870.99,Mercado Pago,En camino
T002282,C00541,P0166,2025-12-06,3,11070.99,33212.97,10,3321.3,0.0,29891.67,Tarjeta de débito,En camino
T002283,C00541,P0008,2024-11-21,1,44030.99,44030.99,0,0.0,0.0,44030.99,Tarjeta de débito,Entregado
T002284,C00541,P0158,2024-05-03,1,48410.99,48410.99,5,2420.55,0.0,45990.44,Tarjeta de crédito,Entregado
T002285,C00541,P0095,2025-11-24,1,27440.99,27440.99,0,0.0,3029.6,30470.59,Tarjeta de crédito,Preparando
T002286,C00541,P0079,2025-10-19,1,9850.99,9850.99,20,1970.2,1717.77,9598.56,Transferencia bancaria,Entregado
T002287,C00542,P0028,2025-09-10,3,49350.99,148052.97,10,14805.3,0.0,133247.67,Transferencia bancaria,Entregado
T002288,C00542,P0178,2026-04-22,1,82810.99,82810.99,0,0.0,0.0,82810.99,Tarjeta de débito,Entregado
T002289,C00542,P0112,2026-02-21,1,52410.99,52410.99,15,7861.65,0.0,44549.34,Efectivo (contra entrega),Entregado
T002290,C00542,P0032,2025-07-11,2,46630.99,93261.98,0,0.0,0.0,93261.98,Transferencia bancaria,Preparando
T002291,C00542,P0120,2026-05-01,1,58730.99,58730.99,10,5873.1,0.0,52857.89,Tarjeta de débito,Preparando
T002292,C00542,P0005,2025-08-11,1,15670.99,15670.99,0,0.0,2991.4,18662.39,Efectivo (contra entrega),Entregado
T002293,C00542,P0050,2026-01-04,1,5120.99,5120.99,0,0.0,1754.53,6875.52,Tarjeta de débito,Preparando
T002294,C00542,P0009,2025-08-20,2,76570.99,153141.98,0,0.0,0.0,153141.98,Mercado Pago,Entregado
T002295,C00542,P0142,2026-08-02,1,80160.99,80160.99,10,8016.1,0.0,72144.89,Mercado Pago,Preparando
T002296,C00542,P0089,2026-08-03,2,70110.99,140221.98,5,7011.1,0.0,133210.88,Transferencia bancaria,Preparando
T002297,C00542,P0120,2026-08-04,1,58730.99,58730.99,0,0.0,0.0,58730.99,Efectivo (contra entrega),Preparando
T002298,C00543,P0066,2025-08-27,3,32260.99,96782.97,5,4839.15,0.0,91943.82,Efectivo (contra entrega),Entregado
T002299,C00543,P0050,2025-04-15,1,5120.99,5120.99,0,0.0,3574.27,8695.26,Efectivo (contra entrega),Cancelado
T002300,C00543,P0018,2025-09-12,1,88340.99,88340.99,5,4417.05,0.0,83923.94,Mercado Pago,Entregado
T002301,C00543,P0037,2025-12-21,3,4430.99,13292.97,15,1993.95,3283.3,14582.32,Mercado Pago,Entregado
T002302,C00543,P0149,2025-06-06,3,91760.99,275282.97,0,0.0,0.0,275282.97,Mercado Pago,Entregado
T002303,C00543,P0061,2025-08-04,1,29560.99,29560.99,0,0.0,3528.3,33089.29,Efectivo (contra entrega),Entregado
T002304,C00543,P0158,2025-05-24,1,48410.99,48410.99,5,2420.55,0.0,45990.44,Tarjeta de débito,Entregado
T002305,C00543,P0116,2026-07-15,2,25880.99,51761.98,5,2588.1,0.0,49173.88,Mercado Pago,Entregado
T002306,C00543,P0127,2025-04-05,2,53930.99,107861.98,0,0.0,0.0,107861.98,Transferencia bancaria,Entregado
T002307,C00543,P0036,2025-09-02,1,6740.99,6740.99,0,0.0,3673.78,10414.77,Tarjeta de débito,Preparando
T002308,C00543,P0137,2026-03-08,1,37150.99,37150.99,10,3715.1,0.0,33435.89,Tarjeta de débito,En camino
T002309,C00543,P0068,2025-12-18,2,120640.99,241281.98,10,24128.2,0.0,217153.78,Transferencia bancaria,Entregado
T002310,C00543,P0075,2026-02-05,1,51680.99,51680.99,0,0.0,0.0,51680.99,Efectivo (contra entrega),Entregado
T002311,C00543,P0050,2025-05-12,1,5120.99,5120.99,0,0.0,1716.15,6837.14,Transferencia bancaria,Entregado
T002312,C00544,P0182,2025-11-08,1,118780.99,118780.99,0,0.0,0.0,118780.99,Mercado Pago,Entregado
T002313,C00544,P0057,2025-12-21,3,2250.99,6752.97,0,0.0,4472.56,11225.53,Mercado Pago,Entregado
T002314,C00544,P0136,2026-01-07,1,47130.99,47130.99,0,0.0,0.0,47130.99,Transferencia bancaria,Entregado
T002315,C00544,P0044,2026-04-17,1,73620.99,73620.99,0,0.0,0.0,73620.99,Transferencia bancaria,Entregado
T002316,C00544,P0101,2026-03-11,1,85420.99,85420.99,0,0.0,0.0,85420.99,Mercado Pago,Entregado
T002317,C00544,P0179,2026-03-12,2,39260.99,78521.98,20,15704.4,0.0,62817.58,Tarjeta de crédito,Entregado
T002318,C00544,P0117,2026-05-31,1,122170.99,122170.99,0,0.0,0.0,122170.99,Tarjeta de crédito,Entregado
T002319,C00544,P0156,2026-04-05,3,23880.99,71642.97,5,3582.15,0.0,68060.82,Efectivo (contra entrega),Entregado
T002320,C00545,P0133,2025-10-10,1,23360.99,23360.99,0,0.0,3373.08,26734.07,Transferencia bancaria,Entregado
T002321,C00545,P0045,2026-01-01,1,2330.99,2330.99,0,0.0,3310.98,5641.97,Efectivo (contra entrega),Entregado
T002322,C00546,P0129,2026-05-04,2,121150.99,242301.98,0,0.0,0.0,242301.98,Mercado Pago,Entregado
T002323,C00546,P0111,2025-11-24,2,59100.99,118201.98,0,0.0,0.0,118201.98,Transferencia bancaria,Cancelado
T002324,C00546,P0143,2026-01-02,1,78310.99,78310.99,5,3915.55,0.0,74395.44,Tarjeta de crédito,Cancelado
T002325,C00546,P0125,2025-04-16,1,138210.99,138210.99,5,6910.55,0.0,131300.44,Transferencia bancaria,Cancelado
T002326,C00547,P0023,2026-08-02,1,99980.99,99980.99,10,9998.1,0.0,89982.89,Transferencia bancaria,Entregado
T002327,C00547,P0185,2026-07-21,1,120880.99,120880.99,15,18132.15,0.0,102748.84,Mercado Pago,Preparando
T002328,C00547,P0035,2026-07-18,1,7230.99,7230.99,0,0.0,2425.48,9656.47,Efectivo (contra entrega),Entregado
T002329,C00547,P0139,2026-08-02,2,76500.99,153001.98,0,0.0,0.0,153001.98,Tarjeta de crédito,Entregado
T002330,C00547,P0076,2026-08-09,1,80370.99,80370.99,0,0.0,0.0,80370.99,Transferencia bancaria,Entregado
T002331,C00547,P0125,2026-05-13,2,138210.99,276421.98,10,27642.2,0.0,248779.78,Mercado Pago,Entregado
T002332,C00547,P0140,2026-07-29,1,116180.99,116180.99,5,5809.05,0.0,110371.94,Efectivo (contra entrega),Entregado
T002333,C00548,P0035,2025-01-23,1,7230.99,7230.99,0,0.0,3346.91,10577.9,Efectivo (contra entrega),En camino
T002334,C00549,P0003,2025-04-08,1,95520.99,95520.99,5,4776.05,0.0,90744.94,Transferencia bancaria,Entregado
T002335,C00549,P0146,2024-07-16,1,77950.99,77950.99,0,0.0,0.0,77950.99,Mercado Pago,Entregado
T002336,C00549,P0080,2023-08-11,1,16720.99,16720.99,0,0.0,2372.04,19093.03,Efectivo (contra entrega),Entregado
T002337,C00549,P0050,2025-07-26,2,5120.99,10241.98,20,2048.4,3559.48,11753.06,Tarjeta de crédito,Entregado
T002338,C00549,P0023,2026-02-17,1,99980.99,99980.99,10,9998.1,0.0,89982.89,Mercado Pago,Entregado
T002339,C00549,P0074,2024-10-05,1,73660.99,73660.99,0,0.0,0.0,73660.99,Transferencia bancaria,Entregado
T002340,C00549,P0029,2024-01-20,3,42890.99,128672.97,0,0.0,0.0,128672.97,Tarjeta de débito,Entregado
T002341,C00549,P0071,2024-11-21,1,14390.99,14390.99,15,2158.65,2279.58,14511.92,Tarjeta de débito,Entregado
T002342,C00549,P0125,2023-04-28,2,138210.99,276421.98,5,13821.1,0.0,262600.88,Tarjeta de débito,Entregado
T002343,C00551,P0104,2025-10-29,1,56920.99,56920.99,10,5692.1,0.0,51228.89,Tarjeta de débito,Entregado
T002344,C00551,P0172,2026-07-01,1,24980.99,24980.99,5,1249.05,1650.2,25382.14,Mercado Pago,Entregado
T002345,C00551,P0161,2026-03-22,1,92880.99,92880.99,0,0.0,0.0,92880.99,Mercado Pago,En camino
T002346,C00551,P0030,2024-05-21,2,42840.99,85681.98,0,0.0,0.0,85681.98,Tarjeta de débito,Entregado
T002347,C00551,P0180,2026-03-05,1,10110.99,10110.99,0,0.0,1776.81,11887.8,Tarjeta de débito,Entregado
T002348,C00552,P0173,2024-10-15,1,7980.99,7980.99,15,1197.15,4184.77,10968.61,Tarjeta de débito,Entregado
T002349,C00553,P0124,2026-01-04,2,55570.99,111141.98,0,0.0,0.0,111141.98,Tarjeta de débito,Entregado
T002350,C00553,P0165,2025-06-18,1,8750.99,8750.99,10,875.1,3160.32,11036.21,Tarjeta de débito,Entregado
T002351,C00553,P0091,2024-09-13,1,27590.99,27590.99,15,4138.65,2236.94,25689.28,Tarjeta de débito,Entregado
T002352,C00553,P0018,2024-10-19,2,88340.99,176681.98,0,0.0,0.0,176681.98,Efectivo (contra entrega),Entregado
T002353,C00553,P0062,2026-02-24,2,80150.99,160301.98,0,0.0,0.0,160301.98,Transferencia bancaria,Entregado
T002354,C00553,P0059,2026-04-19,1,66790.99,66790.99,0,0.0,0.0,66790.99,Mercado Pago,Preparando
T002355,C00554,P0043,2025-08-25,2,35310.99,70621.98,0,0.0,0.0,70621.98,Tarjeta de crédito,Entregado
T002356,C00554,P0064,2026-04-10,2,71270.99,142541.98,0,0.0,0.0,142541.98,Tarjeta de crédito,Entregado
T002357,C00554,P0105,2025-04-25,1,8040.99,8040.99,0,0.0,1501.72,9542.71,Transferencia bancaria,Entregado
T002358,C00554,P0088,2024-03-10,1,32190.99,32190.99,0,0.0,0.0,32190.99,Transferencia bancaria,Entregado
T002359,C00554,P0166,2025-05-31,2,11070.99,22141.98,0,0.0,3442.06,25584.04,Efectivo (contra entrega),Entregado
T002360,C00554,P0157,2023-11-28,1,2850.99,2850.99,10,285.1,2715.6,5281.49,Transferencia bancaria,Entregado
T002361,C00555,P0057,2024-12-31,1,2250.99,2250.99,0,0.0,3914.52,6165.51,Efectivo (contra entrega),Entregado
T002362,C00555,P0080,2024-02-19,4,16720.99,66883.96,10,6688.4,0.0,60195.56,Transferencia bancaria,Entregado
T002363,C00555,P0163,2025-11-23,1,64460.99,64460.99,0,0.0,0.0,64460.99,Transferencia bancaria,Entregado
T002364,C00555,P0073,2025-04-28,1,118250.99,118250.99,0,0.0,0.0,118250.99,Tarjeta de débito,Entregado
T002365,C00555,P0111,2025-07-29,1,59100.99,59100.99,0,0.0,0.0,59100.99,Tarjeta de débito,Entregado
T002366,C00555,P0182,2024-08-29,1,118780.99,118780.99,0,0.0,0.0,118780.99,Tarjeta de crédito,Entregado
T002367,C00555,P0129,2025-03-12,3,121150.99,363452.97,15,54517.95,0.0,308935.02,Transferencia bancaria,Entregado
T002368,C00555,P0086,2024-10-08,1,17970.99,17970.99,0,0.0,4147.15,22118.14,Transferencia bancaria,Entregado
T002369,C00556,P0111,2026-08-12,1,59100.99,59100.99,0,0.0,0.0,59100.99,Tarjeta de crédito,Entregado
T002370,C00558,P0168,2026-06-29,1,20280.99,20280.99,15,3042.15,4161.14,21399.98,Tarjeta de crédito,Preparando
T002371,C00558,P0125,2026-04-02,1,138210.99,138210.99,0,0.0,0.0,138210.99,Transferencia bancaria,Entregado
T002372,C00559,P0035,2025-03-12,3,7230.99,21692.97,10,2169.3,2938.38,22462.05,Tarjeta de débito,Entregado
T002373,C00559,P0060,2025-01-17,1,64800.99,64800.99,0,0.0,0.0,64800.99,Tarjeta de crédito,Entregado
T002374,C00559,P0142,2025-03-12,1,80160.99,80160.99,5,4008.05,0.0,76152.94,Tarjeta de crédito,Entregado
T002375,C00559,P0088,2026-02-23,1,32190.99,32190.99,5,1609.55,0.0,30581.44,Transferencia bancaria,Entregado
T002376,C00559,P0104,2025-05-31,1,56920.99,56920.99,10,5692.1,0.0,51228.89,Efectivo (contra entrega),Entregado
T002377,C00559,P0080,2023-02-25,1,16720.99,16720.99,0,0.0,3903.67,20624.66,Transferencia bancaria,Entregado
T002378,C00560,P0101,2023-05-23,1,85420.99,85420.99,0,0.0,0.0,85420.99,Efectivo (contra entrega),Entregado
T002379,C00561,P0115,2026-04-18,2,39000.99,78001.98,0,0.0,0.0,78001.98,Tarjeta de débito,Cancelado
T002380,C00561,P0041,2025-11-26,3,34130.99,102392.97,0,0.0,0.0,102392.97,Transferencia bancaria,Entregado
T002381,C00562,P0040,2023-08-04,2,8100.99,16201.98,0,0.0,1926.63,18128.61,Tarjeta de crédito,Preparando
T002382,C00562,P0018,2023-07-31,1,88340.99,88340.99,0,0.0,0.0,88340.99,Tarjeta de crédito,Entregado
T002383,C00562,P0034,2026-07-04,1,16800.99,16800.99,20,3360.2,2083.48,15524.27,Transferencia bancaria,Entregado
T002384,C00562,P0062,2024-01-23,2,80150.99,160301.98,15,24045.3,0.0,136256.68,Efectivo (contra entrega),Entregado
T002385,C00562,P0048,2025-03-17,1,21500.99,21500.99,15,3225.15,1501.7,19777.54,Tarjeta de crédito,Entregado
T002386,C00562,P0073,2025-08-22,1,118250.99,118250.99,0,0.0,0.0,118250.99,Transferencia bancaria,Entregado
T002387,C00562,P0060,2025-04-15,3,64800.99,194402.97,0,0.0,0.0,194402.97,Tarjeta de crédito,Entregado
T002388,C00563,P0038,2026-06-11,1,69100.99,69100.99,10,6910.1,0.0,62190.89,Mercado Pago,Entregado
T002389,C00563,P0074,2026-05-09,2,73660.99,147321.98,20,29464.4,0.0,117857.58,Efectivo (contra entrega),Entregado
T002390,C00564,P0143,2026-07-24,2,78310.99,156621.98,10,15662.2,0.0,140959.78,Mercado Pago,Entregado
T002391,C00564,P0147,2026-08-06,1,92490.99,92490.99,5,4624.55,0.0,87866.44,Efectivo (contra entrega),En camino
T002392,C00564,P0040,2026-08-02,1,8100.99,8100.99,0,0.0,3281.55,11382.54,Tarjeta de débito,Preparando
T002393,C00564,P0061,2026-08-02,2,29560.99,59121.98,0,0.0,0.0,59121.98,Efectivo (contra entrega),Entregado
T002394,C00564,P0036,2026-08-11,1,6740.99,6740.99,20,1348.2,4473.94,9866.73,Efectivo (contra entrega),Entregado
T002395,C00564,P0018,2026-07-24,1,88340.99,88340.99,10,8834.1,0.0,79506.89,Tarjeta de débito,Entregado
T002396,C00564,P0151,2026-08-01,1,43590.99,43590.99,10,4359.1,0.0,39231.89,Tarjeta de débito,Entregado
T002397,C00564,P0140,2026-08-09,1,116180.99,116180.99,0,0.0,0.0,116180.99,Efectivo (contra entrega),Entregado
T002398,C00564,P0096,2026-08-08,1,32440.99,32440.99,0,0.0,0.0,32440.99,Efectivo (contra entrega),Entregado
T002399,C00564,P0046,2026-08-02,1,18770.99,18770.99,0,0.0,1987.34,20758.33,Tarjeta de crédito,Entregado
T002400,C00564,P0050,2026-08-12,2,5120.99,10241.98,15,1536.3,1670.71,10376.39,Transferencia bancaria,Entregado
T002401,C00564,P0177,2026-07-28,1,26110.99,26110.99,0,0.0,1591.79,27702.78,Tarjeta de crédito,Cancelado
T002402,C00564,P0037,2026-07-27,1,4430.99,4430.99,0,0.0,4493.4,8924.39,Transferencia bancaria,Cancelado
T002403,C00564,P0036,2026-08-06,1,6740.99,6740.99,0,0.0,4048.35,10789.34,Efectivo (contra entrega),Entregado
T002404,C00565,P0028,2025-01-15,1,49350.99,49350.99,0,0.0,0.0,49350.99,Transferencia bancaria,Entregado
T002405,C00565,P0164,2024-12-14,2,32940.99,65881.98,0,0.0,0.0,65881.98,Tarjeta de crédito,Entregado
T002406,C00565,P0103,2025-03-27,1,23150.99,23150.99,0,0.0,4189.74,27340.73,Tarjeta de débito,Cancelado
T002407,C00565,P0044,2024-05-02,4,73620.99,294483.96,0,0.0,0.0,294483.96,Tarjeta de débito,Entregado
T002408,C00565,P0184,2025-05-04,1,11240.99,11240.99,10,1124.1,3536.22,13653.11,Mercado Pago,Preparando
T002409,C00565,P0084,2026-05-12,1,106390.99,106390.99,0,0.0,0.0,106390.99,Mercado Pago,Entregado
T002410,C00565,P0095,2025-02-09,1,27440.99,27440.99,0,0.0,3248.59,30689.58,Efectivo (contra entrega),Cancelado
T002411,C00565,P0106,2025-11-15,1,12090.99,12090.99,15,1813.65,3868.63,14145.97,Transferencia bancaria,Preparando
T002412,C00567,P0098,2025-12-12,1,66450.99,66450.99,5,3322.55,0.0,63128.44,Efectivo (contra entrega),Entregado
T002413,C00568,P0036,2026-06-29,1,6740.99,6740.99,0,0.0,4057.19,10798.18,Efectivo (contra entrega),Entregado
T002414,C00568,P0007,2024-01-01,1,16940.99,16940.99,5,847.05,3567.1,19661.04,Mercado Pago,Entregado
T002415,C00568,P0056,2025-11-01,1,72090.99,72090.99,5,3604.55,0.0,68486.44,Mercado Pago,En camino
T002416,C00568,P0100,2024-03-04,3,19570.99,58712.97,0,0.0,0.0,58712.97,Transferencia bancaria,Entregado
T002417,C00568,P0069,2025-07-12,1,26180.99,26180.99,15,3927.15,3882.77,26136.61,Mercado Pago,En camino
T002418,C00568,P0049,2025-04-18,1,113080.99,113080.99,0,0.0,0.0,113080.99,Tarjeta de crédito,Entregado
T002419,C00568,P0023,2025-10-12,1,99980.99,99980.99,0,0.0,0.0,99980.99,Tarjeta de crédito,Entregado
T002420,C00568,P0082,2023-08-01,4,70870.99,283483.96,0,0.0,0.0,283483.96,Mercado Pago,Entregado
T002421,C00568,P0136,2025-01-07,2,47130.99,94261.98,5,4713.1,0.0,89548.88,Transferencia bancaria,Entregado
T002422,C00568,P0097,2026-02-14,1,118090.99,118090.99,0,0.0,0.0,118090.99,Efectivo (contra entrega),Entregado
T002423,C00569,P0143,2025-07-29,1,78310.99,78310.99,5,3915.55,0.0,74395.44,Tarjeta de crédito,Preparando
T002424,C00569,P0156,2025-11-06,1,23880.99,23880.99,0,0.0,2535.26,26416.25,Mercado Pago,Entregado
T002425,C00569,P0125,2025-11-20,1,138210.99,138210.99,10,13821.1,0.0,124389.89,Transferencia bancaria,Entregado
T002426,C00569,P0013,2025-12-20,2,33690.99,67381.98,10,6738.2,0.0,60643.78,Mercado Pago,Entregado
T002427,C00569,P0003,2024-03-01,2,95520.99,191041.98,5,9552.1,0.0,181489.88,Efectivo (contra entrega),Entregado
T002428,C00569,P0111,2025-02-18,2,59100.99,118201.98,0,0.0,0.0,118201.98,Tarjeta de débito,Preparando
T002429,C00569,P0134,2023-12-02,3,73170.99,219512.97,0,0.0,0.0,219512.97,Mercado Pago,Entregado
T002430,C00569,P0087,2024-09-11,1,92990.99,92990.99,15,13948.65,0.0,79042.34,Efectivo (contra entrega),Entregado
T002431,C00569,P0050,2025-04-01,1,5120.99,5120.99,0,0.0,2106.77,7227.76,Tarjeta de crédito,Entregado
T002432,C00569,P0125,2026-01-15,2,138210.99,276421.98,5,13821.1,0.0,262600.88,Efectivo (contra entrega),Entregado
T002433,C00569,P0096,2026-07-08,1,32440.99,32440.99,0,0.0,0.0,32440.99,Efectivo (contra entrega),Entregado
T002434,C00569,P0082,2024-08-04,1,70870.99,70870.99,0,0.0,0.0,70870.99,Efectivo (contra entrega),Entregado
T002435,C00569,P0075,2024-07-23,1,51680.99,51680.99,0,0.0,0.0,51680.99,Efectivo (contra entrega),Entregado
T002436,C00569,P0108,2026-05-13,1,106640.99,106640.99,5,5332.05,0.0,101308.94,Tarjeta de crédito,Entregado
T002437,C00569,P0091,2023-12-03,1,27590.99,27590.99,5,1379.55,3141.37,29352.81,Transferencia bancaria,Entregado
T002438,C00570,P0085,2025-08-06,1,69850.99,69850.99,0,0.0,0.0,69850.99,Tarjeta de crédito,Entregado
T002439,C00570,P0175,2025-12-19,1,30670.99,30670.99,15,4600.65,0.0,26070.34,Efectivo (contra entrega),Cancelado
T002440,C00571,P0026,2025-08-18,1,71960.99,71960.99,0,0.0,0.0,71960.99,Transferencia bancaria,Entregado
T002441,C00571,P0035,2025-12-13,1,7230.99,7230.99,15,1084.65,4056.49,10202.83,Efectivo (contra entrega),En camino
T002442,C00572,P0090,2024-02-04,1,83690.99,83690.99,0,0.0,0.0,83690.99,Tarjeta de débito,Entregado
T002443,C00572,P0173,2026-02-28,3,7980.99,23942.97,0,0.0,2690.94,26633.91,Tarjeta de crédito,Entregado
T002444,C00572,P0099,2024-12-27,2,10460.99,20921.98,0,0.0,3943.27,24865.25,Transferencia bancaria,Entregado
T002445,C00572,P0138,2024-07-09,1,3100.99,3100.99,10,310.1,3698.25,6489.14,Mercado Pago,Entregado
T002446,C00573,P0079,2026-03-25,1,9850.99,9850.99,0,0.0,4466.61,14317.6,Efectivo (contra entrega),Entregado
T002447,C00573,P0089,2026-03-06,1,70110.99,70110.99,0,0.0,0.0,70110.99,Transferencia bancaria,Entregado
T002448,C00573,P0126,2026-01-14,1,29260.99,29260.99,0,0.0,3135.19,32396.18,Transferencia bancaria,Entregado
T002449,C00573,P0069,2026-01-16,1,26180.99,26180.99,5,1309.05,4339.74,29211.68,Tarjeta de débito,Entregado
T002450,C00573,P0087,2025-12-09,3,92990.99,278972.97,5,13948.65,0.0,265024.32,Mercado Pago,Entregado
T002451,C00573,P0134,2026-01-21,1,73170.99,73170.99,0,0.0,0.0,73170.99,Tarjeta de débito,Preparando
T002452,C00573,P0154,2026-02-21,2,30800.99,61601.98,0,0.0,0.0,61601.98,Mercado Pago,Entregado
T002453,C00573,P0014,2026-04-11,1,68510.99,68510.99,0,0.0,0.0,68510.99,Tarjeta de crédito,Entregado
T002454,C00575,P0160,2026-05-04,2,143890.99,287781.98,10,28778.2,0.0,259003.78,Tarjeta de débito,Entregado
T002455,C00575,P0156,2026-01-26,1,23880.99,23880.99,10,2388.1,3775.34,25268.23,Tarjeta de débito,Entregado
T002456,C00575,P0146,2026-04-11,1,77950.99,77950.99,0,0.0,0.0,77950.99,Efectivo (contra entrega),Entregado
T002457,C00576,P0157,2024-01-24,1,2850.99,2850.99,0,0.0,3343.1,6194.09,Mercado Pago,En camino
T002458,C00577,P0110,2026-08-09,1,148390.99,148390.99,0,0.0,0.0,148390.99,Efectivo (contra entrega),En camino
T002459,C00577,P0154,2026-08-03,3,30800.99,92402.97,5,4620.15,0.0,87782.82,Efectivo (contra entrega),Preparando
T002460,C00577,P0138,2026-08-04,2,3100.99,6201.98,10,620.2,1759.27,7341.05,Tarjeta de débito,Entregado
T002461,C00577,P0063,2026-08-10,1,64680.99,64680.99,0,0.0,0.0,64680.99,Tarjeta de débito,Entregado
T002462,C00577,P0043,2026-08-13,1,35310.99,35310.99,15,5296.65,0.0,30014.34,Tarjeta de crédito,Entregado
T002463,C00577,P0004,2026-08-10,1,73400.99,73400.99,0,0.0,0.0,73400.99,Tarjeta de crédito,Entregado
T002464,C00577,P0156,2026-08-12,2,23880.99,47761.98,10,4776.2,0.0,42985.78,Tarjeta de débito,Entregado
T002465,C00577,P0168,2026-08-04,1,20280.99,20280.99,5,1014.05,3820.39,23087.33,Tarjeta de crédito,Entregado
T002466,C00578,P0030,2025-04-22,1,42840.99,42840.99,5,2142.05,0.0,40698.94,Transferencia bancaria,Preparando
T002467,C00578,P0086,2025-05-02,1,17970.99,17970.99,0,0.0,2466.64,20437.63,Tarjeta de crédito,Entregado
T002468,C00579,P0177,2026-05-04,1,26110.99,26110.99,0,0.0,2566.26,28677.25,Mercado Pago,Cancelado
T002469,C00579,P0156,2026-06-03,1,23880.99,23880.99,0,0.0,4012.56,27893.55,Transferencia bancaria,Cancelado
T002470,C00580,P0063,2026-02-27,1,64680.99,64680.99,0,0.0,0.0,64680.99,Tarjeta de crédito,Entregado
T002471,C00580,P0068,2025-11-01,1,120640.99,120640.99,0,0.0,0.0,120640.99,Efectivo (contra entrega),Entregado
T002472,C00581,P0153,2026-07-29,2,80540.99,161081.98,0,0.0,0.0,161081.98,Mercado Pago,En camino
T002473,C00581,P0148,2026-07-19,1,86710.99,86710.99,0,0.0,0.0,86710.99,Tarjeta de crédito,Entregado
T002474,C00581,P0184,2026-06-25,2,11240.99,22481.98,0,0.0,2400.62,24882.6,Tarjeta de débito,Cancelado
T002475,C00581,P0112,2026-08-10,1,52410.99,52410.99,10,5241.1,0.0,47169.89,Mercado Pago,Cancelado
T002476,C00581,P0055,2026-05-19,1,90690.99,90690.99,0,0.0,0.0,90690.99,Efectivo (contra entrega),Entregado
T002477,C00581,P0163,2026-05-06,1,64460.99,64460.99,0,0.0,0.0,64460.99,Transferencia bancaria,Entregado
T002478,C00581,P0174,2026-07-22,1,50040.99,50040.99,20,10008.2,0.0,40032.79,Tarjeta de crédito,Entregado
T002479,C00582,P0111,2023-11-21,1,59100.99,59100.99,0,0.0,0.0,59100.99,Tarjeta de crédito,Entregado
T002480,C00582,P0070,2023-07-24,1,59790.99,59790.99,0,0.0,0.0,59790.99,Mercado Pago,Entregado
T002481,C00582,P0120,2026-08-04,1,58730.99,58730.99,0,0.0,0.0,58730.99,Efectivo (contra entrega),Entregado
T002482,C00582,P0133,2023-02-04,2,23360.99,46721.98,0,0.0,0.0,46721.98,Efectivo (contra entrega),Entregado
T002483,C00582,P0092,2023-10-24,2,67840.99,135681.98,15,20352.3,0.0,115329.68,Efectivo (contra entrega),Entregado
T002484,C00582,P0038,2025-07-07,3,69100.99,207302.97,15,31095.45,0.0,176207.52,Efectivo (contra entrega),Entregado
T002485,C00582,P0074,2023-10-17,1,73660.99,73660.99,0,0.0,0.0,73660.99,Tarjeta de crédito,Entregado
T002486,C00582,P0068,2026-03-02,1,120640.99,120640.99,15,18096.15,0.0,102544.84,Mercado Pago,Entregado
T002487,C00583,P0064,2024-08-04,2,71270.99,142541.98,0,0.0,0.0,142541.98,Efectivo (contra entrega),Entregado
T002488,C00584,P0059,2026-02-15,1,66790.99,66790.99,0,0.0,0.0,66790.99,Mercado Pago,Entregado
T002489,C00584,P0087,2024-05-22,1,92990.99,92990.99,0,0.0,0.0,92990.99,Efectivo (contra entrega),Entregado
T002490,C00584,P0151,2024-10-13,2,43590.99,87181.98,0,0.0,0.0,87181.98,Tarjeta de débito,Entregado
T002491,C00584,P0010,2026-07-11,1,99010.99,99010.99,0,0.0,0.0,99010.99,Tarjeta de crédito,Preparando
T002492,C00584,P0106,2026-03-31,1,12090.99,12090.99,5,604.55,1879.98,13366.42,Efectivo (contra entrega),Entregado
T002493,C00584,P0026,2025-04-09,1,71960.99,71960.99,0,0.0,0.0,71960.99,Mercado Pago,Entregado
T002494,C00586,P0034,2024-08-02,2,16800.99,33601.98,0,0.0,0.0,33601.98,Tarjeta de crédito,Entregado
T002495,C00586,P0120,2025-01-04,1,58730.99,58730.99,5,2936.55,0.0,55794.44,Efectivo (contra entrega),Entregado
T002496,C00587,P0039,2026-08-13,1,44450.99,44450.99,0,0.0,0.0,44450.99,Efectivo (contra entrega),Entregado
T002497,C00587,P0169,2025-11-26,1,116550.99,116550.99,0,0.0,0.0,116550.99,Tarjeta de crédito,En camino
T002498,C00587,P0065,2025-11-24,2,36490.99,72981.98,0,0.0,0.0,72981.98,Tarjeta de crédito,Entregado
T002499,C00587,P0002,2026-03-11,4,34510.99,138043.96,0,0.0,0.0,138043.96,Mercado Pago,Entregado
T002500,C00588,P0157,2025-09-03,1,2850.99,2850.99,0,0.0,3422.46,6273.45,Tarjeta de débito,Entregado
T002501,C00588,P0102,2025-12-13,1,100820.99,100820.99,0,0.0,0.0,100820.99,Tarjeta de crédito,Cancelado
T002502,C00588,P0058,2026-06-19,2,10690.99,21381.98,5,1069.1,1898.89,22211.77,Tarjeta de crédito,Entregado
T002503,C00588,P0126,2025-08-27,1,29260.99,29260.99,5,1463.05,3651.71,31449.65,Tarjeta de crédito,En camino
T002504,C00588,P0124,2025-06-16,1,55570.99,55570.99,0,0.0,0.0,55570.99,Tarjeta de débito,Entregado
T002505,C00588,P0151,2026-04-19,2,43590.99,87181.98,10,8718.2,0.0,78463.78,Mercado Pago,Preparando
T002506,C00588,P0108,2025-08-14,4,106640.99,426563.96,0,0.0,0.0,426563.96,Mercado Pago,Entregado
T002507,C00589,P0042,2026-02-16,1,80280.99,80280.99,10,8028.1,0.0,72252.89,Transferencia bancaria,Entregado
T002508,C00589,P0181,2025-03-19,1,14430.99,14430.99,10,1443.1,4074.34,17062.23,Transferencia bancaria,Entregado
T002509,C00589,P0085,2025-01-17,1,69850.99,69850.99,0,0.0,0.0,69850.99,Tarjeta de crédito,Entregado
T002510,C00589,P0020,2026-06-07,1,125770.99,125770.99,0,0.0,0.0,125770.99,Tarjeta de crédito,En camino
T002511,C00589,P0155,2024-09-22,2,108460.99,216921.98,0,0.0,0.0,216921.98,Tarjeta de crédito,Entregado
T002512,C00590,P0171,2026-02-08,1,62510.99,62510.99,0,0.0,0.0,62510.99,Tarjeta de crédito,Entregado
T002513,C00590,P0179,2025-08-05,1,39260.99,39260.99,10,3926.1,0.0,35334.89,Transferencia bancaria,Entregado
T002514,C00590,P0060,2026-04-11,1,64800.99,64800.99,5,3240.05,0.0,61560.94,Mercado Pago,Entregado
T002515,C00590,P0062,2025-11-12,2,80150.99,160301.98,20,32060.4,0.0,128241.58,Transferencia bancaria,Entregado
T002516,C00592,P0158,2026-07-31,3,48410.99,145232.97,0,0.0,0.0,145232.97,Transferencia bancaria,Entregado
T002517,C00592,P0055,2026-07-21,1,90690.99,90690.99,20,18138.2,0.0,72552.79,Tarjeta de débito,Entregado
T002518,C00592,P0008,2026-07-29,1,44030.99,44030.99,5,2201.55,0.0,41829.44,Tarjeta de crédito,Entregado
T002519,C00592,P0181,2026-07-12,1,14430.99,14430.99,5,721.55,3898.38,17607.82,Tarjeta de crédito,Entregado
T002520,C00592,P0157,2026-06-04,1,2850.99,2850.99,20,570.2,1821.36,4102.15,Mercado Pago,Preparando
T002521,C00593,P0081,2026-06-04,2,108380.99,216761.98,5,10838.1,0.0,205923.88,Efectivo (contra entrega),Entregado
T002522,C00593,P0085,2026-08-01,1,69850.99,69850.99,15,10477.65,0.0,59373.34,Transferencia bancaria,Cancelado
T002523,C00593,P0167,2025-12-06,4,116770.99,467083.96,0,0.0,0.0,467083.96,Mercado Pago,Cancelado
T002524,C00593,P0039,2025-07-11,2,44450.99,88901.98,10,8890.2,0.0,80011.78,Mercado Pago,Entregado
T002525,C00593,P0046,2024-07-06,1,18770.99,18770.99,0,0.0,1825.4,20596.39,Transferencia bancaria,Entregado
T002526,C00593,P0025,2026-03-17,1,22880.99,22880.99,10,2288.1,3258.58,23851.47,Efectivo (contra entrega),Entregado
T002527,C00593,P0026,2024-10-20,1,71960.99,71960.99,0,0.0,0.0,71960.99,Efectivo (contra entrega),Entregado
T002528,C00593,P0063,2025-01-31,1,64680.99,64680.99,0,0.0,0.0,64680.99,Mercado Pago,Entregado
T002529,C00593,P0041,2025-12-01,1,34130.99,34130.99,10,3413.1,0.0,30717.89,Transferencia bancaria,Entregado
T002530,C00594,P0160,2026-07-18,1,143890.99,143890.99,0,0.0,0.0,143890.99,Tarjeta de crédito,Entregado
T002531,C00594,P0033,2026-01-27,1,38270.99,38270.99,0,0.0,0.0,38270.99,Tarjeta de crédito,Entregado
T002532,C00594,P0050,2024-04-06,1,5120.99,5120.99,0,0.0,4487.87,9608.86,Efectivo (contra entrega),Entregado
T002533,C00594,P0026,2024-05-26,1,71960.99,71960.99,0,0.0,0.0,71960.99,Tarjeta de débito,Entregado
T002534,C00594,P0125,2026-02-14,1,138210.99,138210.99,0,0.0,0.0,138210.99,Efectivo (contra entrega),Entregado
T002535,C00594,P0160,2024-12-24,1,143890.99,143890.99,20,28778.2,0.0,115112.79,Transferencia bancaria,Entregado
T002536,C00594,P0088,2024-11-29,2,32190.99,64381.98,0,0.0,0.0,64381.98,Efectivo (contra entrega),Cancelado
T002537,C00594,P0077,2025-05-18,1,80070.99,80070.99,10,8007.1,0.0,72063.89,Efectivo (contra entrega),En camino
T002538,C00594,P0014,2023-10-13,2,68510.99,137021.98,15,20553.3,0.0,116468.68,Transferencia bancaria,Entregado
T002539,C00595,P0014,2026-08-12,1,68510.99,68510.99,0,0.0,0.0,68510.99,Tarjeta de crédito,Entregado
T002540,C00595,P0082,2025-09-05,3,70870.99,212612.97,0,0.0,0.0,212612.97,Transferencia bancaria,Cancelado
T002541,C00595,P0075,2026-02-01,2,51680.99,103361.98,0,0.0,0.0,103361.98,Tarjeta de débito,Entregado
T002542,C00595,P0138,2026-04-13,3,3100.99,9302.97,0,0.0,2781.32,12084.29,Mercado Pago,Entregado
T002543,C00595,P0179,2026-07-08,2,39260.99,78521.98,0,0.0,0.0,78521.98,Tarjeta de crédito,Entregado
T002544,C00595,P0111,2026-02-11,4,59100.99,236403.96,0,0.0,0.0,236403.96,Tarjeta de débito,Entregado
T002545,C00595,P0024,2026-05-03,1,102000.99,102000.99,0,0.0,0.0,102000.99,Tarjeta de débito,Entregado
T002546,C00597,P0027,2023-11-13,1,66770.99,66770.99,0,0.0,0.0,66770.99,Transferencia bancaria,Entregado
T002547,C00597,P0172,2024-09-20,1,24980.99,24980.99,0,0.0,1853.63,26834.62,Tarjeta de débito,Preparando
T002548,C00597,P0100,2026-06-26,1,19570.99,19570.99,10,1957.1,3783.28,21397.17,Transferencia bancaria,En camino
T002549,C00597,P0045,2024-06-28,1,2330.99,2330.99,0,0.0,4203.47,6534.46,Tarjeta de crédito,Entregado
T002550,C00597,P0049,2024-06-02,1,113080.99,113080.99,0,0.0,0.0,113080.99,Transferencia bancaria,Entregado
T002551,C00597,P0095,2026-04-24,1,27440.99,27440.99,10,2744.1,2135.36,26832.25,Tarjeta de crédito,Entregado
T002552,C00597,P0081,2023-10-05,1,108380.99,108380.99,5,5419.05,0.0,102961.94,Efectivo (contra entrega),Entregado
T002553,C00597,P0002,2025-06-08,2,34510.99,69021.98,15,10353.3,0.0,58668.68,Efectivo (contra entrega),Entregado
T002554,C00598,P0143,2025-01-03,4,78310.99,313243.96,15,46986.59,0.0,266257.37,Efectivo (contra entrega),Entregado
T002555,C00598,P0027,2025-12-13,1,66770.99,66770.99,0,0.0,0.0,66770.99,Transferencia bancaria,Cancelado
T002556,C00598,P0012,2024-03-02,1,113560.99,113560.99,10,11356.1,0.0,102204.89,Mercado Pago,Entregado
T002557,C00598,P0177,2024-11-28,1,26110.99,26110.99,0,0.0,3700.24,29811.23,Tarjeta de crédito,Entregado
T002558,C00598,P0005,2025-08-29,1,15670.99,15670.99,0,0.0,3817.67,19488.66,Tarjeta de crédito,Entregado
T002559,C00598,P0061,2024-08-31,2,29560.99,59121.98,0,0.0,0.0,59121.98,Tarjeta de crédito,Entregado
T002560,C00599,P0072,2026-01-18,2,60590.99,121181.98,0,0.0,0.0,121181.98,Efectivo (contra entrega),En camino
T002561,C00599,P0080,2025-04-25,1,16720.99,16720.99,15,2508.15,3241.99,17454.83,Tarjeta de débito,Entregado
T002562,C00599,P0115,2025-03-07,1,39000.99,39000.99,0,0.0,0.0,39000.99,Tarjeta de débito,Preparando
T002563,C00600,P0046,2026-07-17,3,18770.99,56312.97,0,0.0,0.0,56312.97,Tarjeta de crédito,Entregado
T002564,C00600,P0047,2026-06-08,1,14020.99,14020.99,0,0.0,2517.34,16538.33,Mercado Pago,Entregado
T002565,C00600,P0149,2026-05-25,1,91760.99,91760.99,0,0.0,0.0,91760.99,Tarjeta de crédito,En camino
